alpha,theta_max,n_cov,n_N1,n_N2
0.7,0.05,0.0005099056667285754,7.056481882126524e-05,0.00032770151104788425
0.7,0.1,0.0020323805431853117,0.0002813257736940707,0.00130578773933628
0.7,0.15000000000000002,0.004545959136232051,0.0006295714678350439,0.0029195391029386473
0.7,0.2,0.008015716926305538,0.0011110683368830883,0.005145506453436477
0.7,0.25,0.01239448465072085,0.0017204499421911896,0.007953019838197148
0.7,0.3,0.017624427977115425,0.0024516903380892483,0.011306080636277657
0.7,0.35000000000000003,0.023638884346690554,0.0032986033032896636,0.015165446858234566
0.7,0.4,0.03036433568564693,0.004255309869981035,0.01949070902035945
0.7,0.45,0.03772239579193728,0.0053166266800250645,0.024242169712048123
0.7,0.5,0.045631705433087276,0.006478345396192482,0.02938238320371389
0.7,0.55,0.05400965473479633,0.007737394884030062,0.03487727536553618
0.7,0.6000000000000001,0.06277388634833374,0.009091897981715483,0.04069683552640905
0.7,0.6500000000000001,0.07184356680156877,0.010541148200274372,0.04681543353755777
0.7,0.7000000000000001,0.0811404397124,0.012085535321015065,0.05321185160242192
0.7,0.7500000000000001,0.09058968816759871,0.013726442812119877,0.059869124105371783
0.7,0.8,0.1001206345199646,0.015466128497840848,0.06677425542764014
0.7,0.8500000000000001,0.10966729920636353,0.01730758956202492,0.07391785291077169
0.7,0.9000000000000001,0.11916883323221361,0.019254409182986192,0.08129368971748153
0.7,0.9500000000000001,0.12856983659012747,0.02131058564326079,0.08889821038789052
0.7,1.0,0.13782057645084153,0.023480350979395104,0.09673000312720853
0.7,1.05,0.14687711959130353,0.02576798857173716,0.10478926867562842
0.7,1.1,0.1557013893573737,0.028177654805293145,0.11307730334076123
0.7,1.1500000000000001,0.16426115015460185,0.030713202984691806,0.12159599036349517
0.7,1.2000000000000002,0.1725299178441169,0.03337800481026806,0.13034727978539795
0.7,1.2500000000000002,0.18048679604167706,0.03617476825719409,0.13933264402337822
0.7,1.3,0.18811624340346753,0.0391053562434755,0.14855251377717246
0.7,1.35,0.1954077802652144,0.042170612952008135,0.15800570860441768
0.7,1.4000000000000001,0.20235564342452497,0.045370204756695176,0.1676888772542995
0.7,1.4500000000000002,0.20895839850280643,0.04870248393934332,0.177595967412585
0.7,1.5000000000000002,0.21521852116102191,0.05216438475536191,0.18771775350472075
0.7,1.55,0.22114195862035832,0.05575135847656134,0.19804144911349963
0.7,1.6,0.22673768031096572,0.05945734750563575,0.20855041371336477
0.7,1.6500000000000001,0.2320172240184035,0.06327479502608213,0.2192239505877086
0.7,1.7000000000000002,0.23699424397612212,0.06719468911056543,0.23003719817404647
0.7,1.7500000000000002,0.24168406856493965,0.07120664445392688,0.24096113102451647
0.7,1.8,0.24610327518356992,0.07529902504452307,0.2519626904662819
0.7,1.85,0.2502692879224388,0.07945910625810622,0.2630050530180839
0.7,1.9000000000000001,0.25420000132131565,0.08367326957371463,0.2740480280569029
0.7,1.9500000000000002,0.2579134323157847,0.08792722176528733,0.28504856966029846
0.7,2.0,0.26142740251711616,0.09220623197433059,0.29596139055147763
0.7,2.05,0.2647592530319534,0.09649538043739535,0.30673966646656997
0.7,2.1,0.267925593560805,0.10077981103989654,0.31733581291034657
0.7,2.15,0.27094208701413763,0.10504497881725298,0.32770231046618453
0.7,2.1999999999999997,0.27382327070388573,0.10927688403960445,0.3377925536804125
0.7,2.25,0.2765824150457412,0.11346228547441108,0.3475616989689376
0.7,2.3,0.279231420427324,0.11758888638999575,0.3569674873318918
0.7,2.35,0.2817807524909873,0.12164548824999129,0.36597101915742164
0.7,2.4,0.28423941558120086,0.1256221088355339,0.3745374611640829
0.8,0.05,0.0005287051826586101,7.702593955488668e-05,0.00025623283853635587
0.8,0.1,0.002107249553820282,0.0003069761943708856,0.0010207196169544168
0.8,0.15000000000000002,0.004713285292231399,0.0006866336426464096,0.002281237743538093
0.8,0.2,0.008310749413231844,0.0012111627391647728,0.004018739468625058
0.8,0.25,0.012851516675943734,0.0018748127121739344,0.0062091587072164445
0.8,0.3,0.018277479384794626,0.0026717412602288992,0.008825601892875326
0.8,0.35000000000000003,0.02452284553815054,0.0035968259698073157,0.011840627875577825
0.8,0.4,0.03151642829064414,0.004646333032427803,0.015228306167659597
0.8,0.45,0.03918371606208291,0.005818343509587413,0.018965783659010655
0.8,0.5,0.047448569411319176,0.007112896229693022,0.02303419491749172
0.8,0.55,0.05623448459235449,0.008531884760237918,0.027418912519929728
0.8,0.6000000000000001,0.06546547709025419,0.010078823855332894,0.032109319307204655
0.8,0.6500000000000001,0.07506673814689645,0.011758647828300736,0.037098433881137705
0.8,0.7000000000000001,0.0849652599100323,0.013577685767469372,0.042382755443651665
0.8,0.7500000000000001,0.0950905731033822,0.015543855844617685,0.04796254683347745
0.8,0.8,0.10537558976977439,0.0176669485001269,0.05384243905732011
0.8,0.8500000000000001,0.11575734496306951,0.01995869583276096,0.06003182470909555
0.8,0.9000000000000001,0.1261772997679623,0.022432270967540968,0.06654425008062241
0.8,0.9500000000000001,0.1365809403521715,0.02510104410195448,0.07339521149356988
0.8,1.0,0.14691674951436498,0.027976860212680716,0.08059856690585442
0.8,1.05,0.157135123188905,0.03106861709180488,0.08816295168749118
0.8,1.1,0.16718812479782005,0.034382128497889984,0.09609038708323259
0.8,1.1500000000000001,0.1770307212794211,0.03792176597376649,0.1043787170913585
0.8,1.2000000000000002,0.1866232112819561,0.041693172985788375,0.11302720521372643
0.8,1.2500000000000002,0.19593342573394423,0.045705123179598274,0.12204163779431547
0.8,1.3,0.2049369454163074,0.04996853548927719,0.13143415257309962
0.8,1.35,0.21361476773624755,0.05449246465452382,0.14121595321534577
0.8,1.4000000000000001,0.2219500052179987,0.059279568375888915,0.15138704808660985
0.8,1.4500000000000002,0.2299263430438767,0.06432450709611655,0.16193086676959198
0.8,1.5000000000000002,0.2375294589834546,0.06961619613597708,0.1728177533171074
0.8,1.55,0.2447495058213438,0.07514092784850183,0.18401220994576897
0.8,1.6,0.2515817344068536,0.08088303608739379,0.19547524397853136
0.8,1.6500000000000001,0.2580251530957373,0.0868241051803712,0.20716160894198832
0.8,1.7000000000000002,0.26408200114101604,0.09294440567682338,0.2190207806223278
0.8,1.7500000000000002,0.26975906871317845,0.09922602527289653,0.23100414578948059
0.8,1.8,0.2750681309151542,0.10565240907747293,0.2430673719482126
0.8,1.85,0.28002370478006794,0.11220315220795996,0.2551611381436806
0.8,1.9000000000000001,0.2846406740702134,0.11885042870725832,0.26722169750980185
0.8,1.9500000000000002,0.2889343872823743,0.1255616502517326,0.27917395720369514
0.8,2.0,0.2929220586373695,0.1323051159597028,0.29094263432989814
0.8,2.05,0.29662340707506313,0.13905334629955457,0.30246021658079514
0.8,2.1,0.30006009871935385,0.14578194796634003,0.3136668004964218
0.8,2.15,0.3032544258617328,0.1524659683661637,0.32450400809926266
0.8,2.1999999999999997,0.3062283148815805,0.15907875819171965,0.334911852697648
0.8,2.25,0.30900332534120917,0.1655948222703919,0.3448335827757046
0.8,2.3,0.31160081500809816,0.171992142304115,0.3542212417012347
0.8,2.35,0.3140415279900696,0.17825126547205375,0.3630354158288786
0.8,2.4,0.31634498379487447,0.1843540611351013,0.37124325736194325
0.9,0.05,0.0003954718422231607,6.368682506735501e-05,0.00014659699069500634
0.9,0.1,0.0015766991358799516,0.00025375968455620956,0.0005839113203039425
0.9,0.15000000000000002,0.0035286086509524104,0.0005676019752920795,0.001305051147419208
0.9,0.2,0.006227653560640811,0.001001950760994963,0.00230024752178228
0.9,0.25,0.00964395490454556,0.0015543475056781404,0.0035591621041109836
0.9,0.3,0.013743856539003637,0.0022247785936466333,0.0050735779188108565
0.9,0.35000000000000003,0.018492459700776342,0.0030171298229638896,0.006839939029370153
0.9,0.4,0.023855618046031164,0.0039400167933418455,0.008861095098651869
0.9,0.45,0.02980086018569733,0.005006564793929598,0.011146587176551148
0.9,0.5,0.036296819762156284,0.0062328505794090145,0.013710958718137581
0.9,0.55,0.04331105417800609,0.007635040294744304,0.016569979752891095
0.9,0.6000000000000001,0.05080666310601952,0.009225792796159149,0.01973539787699785
0.9,0.6500000000000001,0.05873884943688725,0.011011198291593397,0.023209850445031693
0.9,0.7000000000000001,0.06705333418191767,0.012990194002046837,0.02698466563908995
0.9,0.7500000000000001,0.07568897567878435,0.015158640572506007,0.031043921321299812
0.9,0.8,0.08458647689056908,0.01751946825317019,0.035377469546515196
0.9,0.8500000000000001,0.09370306869478223,0.020097943760468733,0.04000271361967154
0.9,0.9000000000000001,0.10302929302523023,0.022957106363279727,0.04498931451540794
0.9,0.9500000000000001,0.11259932520499381,0.02620392290017685,0.05047387128295824
0.9,1.0,0.12248323807203397,0.029974574038945934,0.05664675068995854
0.9,1.05,0.13275225726131823,0.03439152485454929,0.0636967905768549
0.9,1.1,0.14341972716473092,0.039498366586050625,0.07171699601177269
0.9,1.1500000000000001,0.15437969589619488,0.04519822875768067,0.08060407617332895
0.9,1.2000000000000002,0.16538181411345912,0.05123719305915355,0.09001256701858211
0.9,1.2500000000000002,0.17607960368906295,0.057270216718955456,0.09942605961630352
0.9,1.3,0.18615864875924001,0.06301461442573446,0.1083655087691288
0.9,1.35,0.19550155121329427,0.06844399575341052,0.11667686829004577
0.9,1.4000000000000001,0.20430719035474212,0.07392819578169013,0.12476593467204611
0.9,1.4500000000000002,0.21307862429604021,0.08020520008085542,0.13361600503316606
0.9,1.5000000000000002,0.22242674435983645,0.08809598941082969,0.14444971946240692
0.9,1.55,0.23270330307025122,0.0979821111697442,0.15801548880712799
0.9,1.6,0.24361624173335147,0.10931450880716602,0.17379089477670254
0.9,1.6500000000000001,0.25418759349135017,0.12069458025187148,0.18985438858461942
0.9,1.7000000000000002,0.2633919178556879,0.13085764696370358,0.2041295452754507
0.9,1.7500000000000002,0.27111865518252926,0.1398316083499121,0.2162969826663976
0.9,1.8,0.2782641669630047,0.14875931278060686,0.2280197867144983
0.9,1.85,0.28551259117329686,0.15828206501259548,0.24059052130618372
0.9,1.9000000000000001,0.2924399331032533,0.16772654280729263,0.2531386113219504
0.9,1.9500000000000002,0.2983770565089926,0.17647709563042993,0.2643297976948246
0.9,2.0,0.30366319115412055,0.1854651314353554,0.2750356678135701
0.9,2.05,0.3092847327504234,0.19615699888505259,0.2875653505090958
0.9,2.1,0.31531537161446904,0.20801518675774622,0.30188557661360826
0.9,2.15,0.3205918316184353,0.21865132423191005,0.31476710673831404
0.9,2.1999999999999997,0.32457951933927,0.22722716107494242,0.32454759546710393
0.9,2.25,0.3279982600200469,0.2350608060628775,0.3329794623854518
0.9,2.3,0.3312307979149592,0.24308939027034734,0.3413099246947274
0.9,2.35,0.3342546098204841,0.25160063853967635,0.3496767929150464
0.9,2.4,0.3371823546400772,0.260376091969135,0.35814382523617444
0.95,0.05,0.00024188464116625674,4.487414881406323e-05,8.202426147692805e-05
0.95,0.1,0.0009647035028319539,0.00017883128226287015,0.00032677037009559706
0.95,0.15000000000000002,0.002160560916735573,0.0004004135609848765,0.0007309176534040877
0.95,0.2,0.0038182634749315083,0.000708921164287483,0.001291057864697298
0.95,0.25,0.005926027357759767,0.0011067720291733085,0.002006619134780452
0.95,0.3,0.008474745149882371,0.0016022947532380132,0.0028833790061691955
0.95,0.35000000000000003,0.011461206122222808,0.0022123608959414196,0.003936882010432056
0.95,0.4,0.014890405366870418,0.0029640094908632473,0.005194770600130479
0.95,0.45,0.018775824852410694,0.0038939758584941955,0.00669673132892253
0.95,0.5,0.023136427124876163,0.005044921052196709,0.008490574681133308
0.95,0.55,0.027989259058365874,0.006457368609972591,0.01062313677859461
0.95,0.6000000000000001,0.03333730333154328,0.008157187141348443,0.013125565439762288
0.95,0.6500000000000001,0.039153877592198495,0.010140244953188585,0.015994554780340786
0.95,0.7000000000000001,0.04536770133966204,0.012358798261441725,0.019174524701647416
0.95,0.7500000000000001,0.051856516746616343,0.014717931088620925,0.02255035907934322
0.95,0.8,0.05846064811218945,0.017093530712162647,0.025964633854567192
0.95,0.8500000000000001,0.06502831150169179,0.01938283196604501,0.029273821609453205
0.95,0.9000000000000001,0.07149742018081784,0.02159003198499278,0.03244927304293421
0.95,0.9500000000000001,0.0779996983764346,0.023928978500881253,0.03570540825135443
0.95,1.0,0.08494236265256759,0.026894047222794853,0.0395997603902424
0.95,1.05,0.09299242885213675,0.031222911472048514,0.04501202265528498
0.95,1.1,0.10288723284236871,0.03768025130723449,0.05290698752163364
0.95,1.1500000000000001,0.11505790288612927,0.046662698573154804,0.06386343174527111
0.95,1.2000000000000002,0.1291902616040297,0.05776487215698043,0.0775202262147449
0.95,1.2500000000000002,0.1439959974787197,0.06958280242192617,0.09227500477485046
0.95,1.3,0.15747905117498204,0.0800221628341002,0.10559181058760254
0.95,1.35,0.1677328866168812,0.08712288778311121,0.11497981358409332
0.95,1.4000000000000001,0.1738893407515434,0.09002679775544736,0.11920634347542115
0.95,1.4500000000000002,0.1766400886544485,0.08956047956680868,0.11905562218552206
0.95,1.5000000000000002,0.1780953309401557,0.08823911986864419,0.11733139792295716
0.95,1.55,0.18136598430503748,0.08999872011707209,0.11850870765672916
0.95,1.6,0.19029123087654543,0.09979150305918505,0.12839394786350283
0.95,1.6500000000000001,0.2085829555047164,0.12191303816200767,0.15259918519056878
0.95,1.7000000000000002,0.23642883571435389,0.15527056157760866,0.19122989853658856
0.95,1.7500000000000002,0.26530029096136076,0.18811972305903038,0.2315219517031607
0.95,1.8,0.2800620403082205,0.2032294083859215,0.25163867853251476
0.95,1.85,0.27605434784314026,0.19804238369490923,0.2452018947946775
0.95,1.9000000000000001,0.2707379604729295,0.19349479674047468,0.23692982165143628
0.95,1.9500000000000002,0.2809054376977584,0.2062343431981306,0.2505547234130297
0.95,2.0,0.29714161612348633,0.22446804519743288,0.27335420010463307
0.95,2.05,0.3031746918215976,0.230852102842204,0.2819211537021603
0.95,2.1,0.3004404998203155,0.22820263574035712,0.27741690827889026
0.95,2.15,0.30093099224514525,0.23373584865194044,0.2791124098833815
0.95,2.1999999999999997,0.31700144913534223,0.26285351359793463,0.30785835494734404
0.95,2.25,0.34013854117748443,0.29610798343996886,0.3472532082143844
0.95,2.3,0.3403998664085803,0.2956855344741571,0.3478981773742386
0.95,2.35,0.33250139154309627,0.28514187273032027,0.3335383820061883
0.95,2.4,0.3372655661378892,0.29155139462760904,0.34016336685089144
0.98,0.05,0.0001153481109303726,2.8606424452441253e-05,4.20563590849965e-05
0.98,0.1,0.0004601909640791768,0.00011406340518171909,0.00016762909389661518
0.98,0.15000000000000002,0.0010316447124334067,0.0002559818265011615,0.0003756814243611924
0.98,0.2,0.001827260285249192,0.0004559946591681241,0.0006669475787730214
0.98,0.25,0.0028483809902078807,0.0007210010670447575,0.0010474433811452633
0.98,0.3,0.004104405653797993,0.0010672691095160818,0.0015329278136385256
0.98,0.35000000000000003,0.0056173313790958135,0.0015247649713727163,0.002153656634463171
0.98,0.4,0.007425510194960609,0.002140630074643194,0.0029582951261641344
0.98,0.45,0.009584960026724246,0.0029801271843283663,0.0040152127360851275
0.98,0.5,0.012165895140533586,0.0041227029861452364,0.005408645536293703
0.98,0.55,0.015241614164376563,0.005650312204820411,0.007226632458739428
0.98,0.6000000000000001,0.018866999053416045,0.007625334060096208,0.009537747165773177
0.98,0.6500000000000001,0.023045490790308615,0.010057164971149724,0.01235539346986573
0.98,0.7000000000000001,0.027687702656957358,0.012861082876634103,0.015593104566886173
0.98,0.7500000000000001,0.03257293508961162,0.015821318184840505,0.019023113632102535
0.98,0.8,0.03733673612597662,0.01858222702678462,0.022263404598892034
0.98,0.8500000000000001,0.04152004917974631,0.020703449509851996,0.02483193239101983
0.98,0.9000000000000001,0.044719244850329354,0.021817370463829772,0.026310703973684308
0.98,0.9500000000000001,0.046855159589766236,0.021903634315737015,0.02663917465524705
0.98,1.0,0.048514682441598976,0.021628186757234307,0.026485878125171558
0.98,1.05,0.051207149579474844,0.022582421308978973,0.02752600013037826
0.98,1.1,0.05726258649349075,0.027147918767786734,0.032327545955922486
0.98,1.1500000000000001,0.06909398362056912,0.03772020619949298,0.04354417886269879
0.98,1.2000000000000002,0.08780575466493568,0.055299773614453686,0.06239583615975162
0.98,1.2500000000000002,0.11170073390916302,0.07802920311618412,0.08703678493644113
0.98,1.3,0.13582015324980656,0.10080644864788679,0.11204094579740768
0.98,1.35,0.15354888317553111,0.11695186620869152,0.13012552876946942
0.98,1.4000000000000001,0.1599837601135711,0.12156189258781606,0.13579937051799496
0.98,1.4500000000000002,0.1548644308253959,0.11436772469740526,0.12858125862641753
0.98,1.5000000000000002,0.14252223594950403,0.09968579419826536,0.1130514019968127
0.98,1.55,0.12888833528985133,0.08360956352403785,0.09575242439741592
0.98,1.6,0.1189786349702071,0.07182114033529045,0.08260859847766588
0.98,1.6500000000000001,0.11859778491218792,0.07161028208140573,0.08096252899561678
0.98,1.7000000000000002,0.13985590202635712,0.09706795536518119,0.10560291040355546
0.98,1.7500000000000002,0.19979422305476616,0.16533474749982177,0.17616867104531553
0.98,1.8,0.2923014385387142,0.2651976264093789,0.28396562966502803
0.98,1.85,0.3520335561209567,0.32433152521534686,0.35223610655194637
0.98,1.9000000000000001,0.30875608801371957,0.2747804261802168,0.301418804698643
0.98,1.9500000000000002,0.2241650795633611,0.18836635167846616,0.20376623312857958
0.98,2.0,0.23368622365522618,0.20108797295091652,0.21359349520946322
0.98,2.05,0.3062231498412596,0.2753099705086303,0.2962803198308455
0.98,2.1,0.32207114858637115,0.29093298380023774,0.31570240379915165
0.98,2.15,0.29472547010589734,0.2612359837991754,0.2838536162937784
0.98,2.1999999999999997,0.26859641987452026,0.23090057124148408,0.2506747162981751
0.98,2.25,0.25141890281790147,0.22170600610372748,0.23268874254130503
0.98,2.3,0.34104307872823963,0.3362703158240654,0.3480653132635962
0.98,2.35,0.41207318606742316,0.4059748704292698,0.43294888204978116
0.98,2.4,0.3050214258444514,0.2855184475104296,0.30170993486077374
0.99,0.05,6.700306854854714e-05,2.2278508533461288e-05,2.8736548701224773e-05
0.99,0.1,0.00026736020576129116,8.887176099816226e-05,0.00011459283800087834
0.99,0.15000000000000002,0.0005998795669443687,0.00019980757394577608,0.00025729143143736016
0.99,0.2,0.0010650922055266225,0.0003576174666149086,0.00045894853120755547
0.99,0.25,0.0016688963874026963,0.0005709323977270234,0.0007278095913671271
0.99,0.3,0.0024273013189471393,0.0008591567159181487,0.0010831159506384618
0.99,0.35000000000000003,0.0033716841475365986,0.0012576288389858543,0.0015605012014689075
0.99,0.4,0.004553471623918688,0.001822168814827348,0.0022167938174635173
0.99,0.45,0.006046417651192644,0.002631165738383919,0.0031323310449515493
0.99,0.5,0.007943703716392839,0.003782409943982471,0.004407902789613394
0.99,0.55,0.010346146339830165,0.005380940958591725,0.006152457608411432
0.99,0.6000000000000001,0.01333738622324591,0.007513810538015493,0.008457272163149029
0.99,0.6500000000000001,0.01694309909283981,0.010208913061799663,0.011353500154192083
0.99,0.7000000000000001,0.021075653125290545,0.013379572504423176,0.014754597116974558
0.99,0.7500000000000001,0.025475207787786502,0.01676634294045611,0.018395116678407764
0.99,0.8,0.029674124307125776,0.019903501241372395,0.021793955159528255
0.99,0.8500000000000001,0.03303137317976582,0.022157397486969283,0.024290793793078358
0.99,0.9000000000000001,0.03489735646502007,0.0228968192546302,0.025218752193605625
0.99,0.9500000000000001,0.034955754783449755,0.021840088997065226,0.02426169522486839
0.99,1.0,0.03371727611764519,0.01954962018186977,0.021969549095570362
0.99,1.05,0.03299025299537121,0.017893280827937712,0.020248398290690566
0.99,1.1,0.035958273570306044,0.020099369965393743,0.022439173975475697
0.99,1.1500000000000001,0.046396041561932444,0.02994159184762757,0.03249626037427241
0.99,1.2000000000000002,0.06679774064372436,0.04984657674997439,0.053031715173391614
0.99,1.2500000000000002,0.09596101247183542,0.07849174376113172,0.08279204977284037
0.99,1.3,0.12761095737641645,0.10948519960983737,0.11521740520641581
0.99,1.35,0.1519803070197381,0.1330079158955966,0.1400766718899421
0.99,1.4000000000000001,0.16067976638512435,0.140687455592286,0.14852989324133906
0.99,1.4500000000000002,0.15197396565275909,0.13080260540960245,0.13863366432032417
0.99,1.5000000000000002,0.13182046732526131,0.10927088056763958,0.11648031574757452
0.99,1.55,0.10919567260279851,0.08505859211576529,0.09142108701523922
0.99,1.6,0.09035824070920634,0.06464745552016062,0.07016463960566192
0.99,1.6500000000000001,0.07882770726725587,0.052284801807792734,0.05684939644148027
0.99,1.7000000000000002,0.08423642652790532,0.05909782683558327,0.06249203299714284
0.99,1.7500000000000002,0.13375455922390025,0.11373448425904158,0.11676662107683955
0.99,1.8,0.25366757193131445,0.2407252456463201,0.24709797321689808
0.99,1.85,0.39095463454437823,0.38055018163847754,0.3946691031452974
0.99,1.9000000000000001,0.39329618712581754,0.37790917011093833,0.3960499254560654
0.99,1.9500000000000002,0.23425146875284356,0.2145475820572813,0.2250467344953261
0.99,2.0,0.16046875521780624,0.1428688969711394,0.14558345078757334
0.99,2.05,0.27956570169780953,0.26407281952410416,0.27206369141460335
0.99,2.1,0.3537239753308903,0.338167293413566,0.352195992381165
0.99,2.15,0.31017176870539814,0.2940802604991271,0.306509263052821
0.99,2.1999999999999997,0.2737501759028554,0.2546515727928714,0.26581635869650283
0.99,2.25,0.22570207221237423,0.202534248351015,0.2112405305162992
0.99,2.3,0.21760242335683308,0.21012283137031063,0.20858259941685567
0.99,2.35,0.45583866997500827,0.4627327338017752,0.4729357157650484
0.99,2.4,0.3577821107323324,0.350951864285169,0.3633266863423346
0.995,0.05,4.1642258638859474e-05,1.893917857076488e-05,2.20984907140509e-05
0.995,0.1,0.00016618830080441146,7.557789400467844e-05,8.816116206542916e-05
0.995,0.15000000000000002,0.00037328304336170515,0.0001701624520815681,0.0001982865240875246
0.995,0.2,0.0006649368667211997,0.0003056910887824042,0.00035527385682748713
0.995,0.25,0.0010493265034517603,0.0004916930882972551,0.000568473816980127
0.995,0.3,0.0015458106236968527,0.0007492128033935545,0.0008588721381801815
0.995,0.35000000000000003,0.0021906074935817976,0.0011164427303570295,0.0012648468246909868
0.995,0.4,0.0030420508753780475,0.0016539148908162327,0.0018474975463995125
0.995,0.45,0.004183523978720923,0.002447338698040036,0.002693612290390853
0.995,0.5,0.005721076185328984,0.003605074928182961,0.0039132171026051155
0.995,0.55,0.00777153490905443,0.005246045953244183,0.005627435285209407
0.995,0.6000000000000001,0.010436171156585664,0.0074731473954034455,0.0079416109486663
0.995,0.6500000000000001,0.013755787108026996,0.010328083829285831,0.010899479238187848
0.995,0.7000000000000001,0.0176473572396784,0.01372790239207248,0.014418524982600009
0.995,0.7500000000000001,0.021832536111680567,0.017393802945728787,0.01821708248330915
0.995,0.8,0.0257863388066694,0.02080090581716565,0.02176212187431853
0.995,0.8500000000000001,0.02875853210090723,0.023201861232294913,0.02429142238697148
0.995,0.9000000000000001,0.029940706949445266,0.023797241756552883,0.024984668415774586
0.995,0.9500000000000001,0.028844702368303183,0.022117433625867284,0.023350444302560874
0.995,1.0,0.02588565940682987,0.018606940041583957,0.019821994217361933
0.995,1.05,0.022993496219246273,0.015231380041411316,0.01638136086777751
0.995,1.1,0.02383305569382223,0.01568476332452921,0.01678286761944729
0.995,1.1500000000000001,0.0330447823756014,0.024610985131843437,0.02577542480510388
0.995,1.2000000000000002,0.05412301889153104,0.04546703893877516,0.04693343140471926
0.995,1.2500000000000002,0.0864101386477303,0.07752231415285206,0.07958539001160263
0.995,1.3,0.12301912058813151,0.11381454648297322,0.11669017408224429
0.995,1.35,0.15219365385431377,0.14255260121716143,0.14621977170749903
0.995,1.4000000000000001,0.16302688014710612,0.15284414308100538,0.15698860714091303
0.995,1.4500000000000002,0.15242935227807858,0.1416181913273524,0.14576630384805217
0.995,1.5000000000000002,0.12728861837836247,0.11573812897840778,0.11950992999019876
0.995,1.55,0.09893415996434098,0.08650216230698345,0.0897678364620751
0.995,1.6,0.07507364605628945,0.061691535793482154,0.06448869689074262
0.995,1.6500000000000001,0.05798419653900803,0.043906211879859304,0.046207293829559105
0.995,1.7000000000000002,0.05384623310746933,0.04012638147544854,0.04171332620404692
0.995,1.7500000000000002,0.0909203590919595,0.07976465329040795,0.08071156793323953
0.995,1.8,0.21479863547683942,0.20813818907594708,0.21019362549531162
0.995,1.85,0.39840087994438217,0.3943829323146522,0.4008386147967775
0.995,1.9000000000000001,0.4555657873173599,0.4489310637294424,0.45931809067225493
0.995,1.9500000000000002,0.268181563754367,0.2578841452925235,0.2648012251291331
0.995,2.0,0.1129286505398525,0.10350919107432753,0.10401753323100504
0.995,2.05,0.24336530607402715,0.23571319198054028,0.23826296314590442
0.995,2.1,0.37780317495580323,0.3700563636639602,0.3775399570051358
0.995,2.15,0.3277630245055256,0.3199333438288001,0.3266780041253916
0.995,2.1999999999999997,0.2760468454531794,0.26710328824004653,0.27262549818417164
0.995,2.25,0.2384865418763943,0.22562886215480385,0.23139393044253373
0.995,2.3,0.1416709046218502,0.13364955007114562,0.13247378939770116
0.995,2.35,0.4063438017808525,0.4128207845343937,0.41375522683750754
0.995,2.4,0.44670573898480637,0.44501705287347,0.4540195353264587
