one_minus_alpha,n_adiabatic_scalar,n_first_order,n_cov_full_gap20
0.3,0.18788848068656716,0.7600594467505865,0.18800990041887689
0.25,0.19464771062252367,0.6333828722921554,0.19479737049169782
0.23,0.19554805255214647,0.582712242508783,0.19570925899985225
0.2,0.19430950206219744,0.5067062978337243,0.19448761642758444
0.15,0.182894084537142,0.3800297233752932,0.18309568716475982
0.1,0.15416800560106847,0.25335314891686217,0.15437608317421064
0.07,0.12474926536263564,0.17734720424180353,0.12494316906223013
0.05,0.09833204203176094,0.12667657445843108,0.0985036119023453
0.03,0.06521029039382814,0.07600594467505864,0.06534472066187708
0.02,0.04573218695008591,0.05067062978337243,0.04584092450057531
0.01,0.024063819940968068,0.025335314891686216,0.024141096655476424
0.005,0.012344770757530932,0.012667657445843108,0.012403877745431668
