gap_ratio,n_markov,n_cov,n_N1,n_N2,n_markov_surrogate,n_adiabatic_scalar
0.5,0.22885886840666042,0.3052841021668755,0.3173218600417731,0.35223174058466256,0.3445806104396261,0.15416800560106847
0.5610923907536056,0.47512291243921195,0.3352323356848609,0.31440473431983595,0.394151195394335,0.33718983805284863,0.15416800560106847
0.6296493419231937,0.49815680344524915,0.3348342840928217,0.28476855419441105,0.38207961382908767,0.328849221384924,0.15416800560106847
0.7065829091922384,0.25783614270559546,0.3093980170181132,0.24533017628257298,0.33792137176562254,0.319430798013482,0.15416800560106847
0.7929165875686217,0.14196398532985127,0.2947204440038125,0.2244017505834417,0.31524996984642933,0.30833078728264274,0.15416800560106847
0.8897989275741373,0.264617922962747,0.28852843538490863,0.20669701109625632,0.3007745749320228,0.29458063739679985,0.15416800560106847
0.9985188151251341,0.40959969450693046,0.26741967931687904,0.1739201450282209,0.25836479867170514,0.27635899446076984,0.15416800560106847
1.120522618382038,0.12476350257070823,0.25369615995030725,0.1515714850625618,0.22902802151228724,0.2525326874747268,0.15416800560106847
1.2574334296829355,0.10447372670088212,0.2433597035710141,0.12754288896314414,0.20094088626531625,0.22766046064227718,0.15416800560106847
1.4110726585486082,0.2347751027047667,0.22169415747686944,0.09329984508285505,0.1534361377438252,0.20600197729231456,0.15416800560106847
1.5834842630241694,0.08895749583774365,0.2059656812793505,0.07076089163425608,0.11901280142538723,0.18023229182533107,0.15416800560106847
1.776961941721885,0.01870971641582536,0.19653199662324888,0.05619633111987843,0.09664015015303629,0.14903084545212336,0.15416800560106847
1.9940796483178034,0.06740384861595411,0.18600906343693746,0.04078412436331952,0.07273607995404602,0.12432225149073017,0.15416800560106847
2.2377258344554907,0.03918139937309617,0.17827024212436493,0.029835336872144624,0.05494207999807088,0.10345095500350049,0.15416800560106847
2.5111418766114766,0.009355267934352873,0.17221579963724248,0.021532266257738963,0.04106639236749199,0.08130914993910376,0.15416800560106847
2.8179651981388583,0.022078699844810812,0.16767674220107254,0.015510897862895612,0.030651935801467578,0.06512998165945588,0.15416800560106847
3.1622776601683795,0.006603142078737412,0.16431372912409442,0.011228002607938714,0.022955572883775477,0.050506981087792,0.15416800560106847
3.548659865141188,0.0034724885145996365,0.16184308194055447,0.00821322381085371,0.017317953355528826,0.039446334791315596,0.15416800560106847
3.9822520954068734,0.003947209294058007,0.16002910008894206,0.006096469764900636,0.013192935905089131,0.03062214340902386,0.15416800560106847
4.468822697590796,0.0017978622105492836,0.15868575287702807,0.004594556214759349,0.010149186978090086,0.023745763295129563,0.15416800560106847
5.014844822490394,0.0008781237179181778,0.1576782263600089,0.003509713498530631,0.007873914970052909,0.018514091829337387,0.15416800560106847
5.627582541418952,0.0005966166593801003,0.15691220503460368,0.002709720746489619,0.006148787099092334,0.014500011329225126,0.15416800560106847
6.315187484656023,0.00044941909351725595,0.15632281863039715,0.0021083823820671754,0.004824263342547375,0.01140059036402169,0.15416800560106847
7.086807287645794,0.00033247402439295914,0.1558651871648319,0.0016494444798216268,0.003797440508939931,0.008991037373270838,0.15416800560106847
7.952707287670507,0.00025152019888419197,0.1555075674443283,0.001295311711576097,0.002995938561126177,0.007105815844122898,0.15416800560106847
8.924407090005335,0.00019888109691929,0.1552268750360134,0.0010199540402954788,0.0023673764825500876,0.005624334732656278,0.15416800560106847
10.014833820379042,0.000156812283361063,0.15500589885254534,0.000804707954755568,0.0018728501709573964,0.004455854483670363,0.15416800560106847
11.238494102553085,0.000124011753589226,0.15483156615574434,0.0006358140074484431,0.001482894808325752,0.0035323090061358253,0.15416800560106847
12.611667048943616,9.819300792451857e-05,0.154693820590392,0.0005029240754361175,0.0011748926078935518,0.0028013635222520206,0.15416800560106847
14.152620831760487,7.780356388359388e-05,0.1545848598237825,0.0003981469542331806,0.0009313234015284055,0.0022223455597909503,0.15416800560106847
15.881855715843548,6.167785141042437e-05,0.1544985946409897,0.0003154057482940842,0.0007385304837207451,0.0017634006773590283,0.15416800560106847
17.822376786412946,4.891234369519548e-05,0.15443025289480938,0.000249987262573248,0.0005858210587493251,0.0013994711392262826,0.15416800560106847
20.0,3.8799986279758336e-05,0.15437608317421153,0.00019821651690382636,0.0004647955745903931,0.0011107931275523009,0.15416800560106847
