phi_cep,cov_alpha_1,cov_alpha_0.99,cov_alpha_0.98,cov_alpha_0.97,cov_alpha_0.96,cov_alpha_0.95,cov_alpha_0.94,cov_alpha_0.93,cov_alpha_0.92,cov_alpha_0.91,cov_alpha_0.9,cov_alpha_0.89,cov_alpha_0.88,cov_alpha_0.87,cov_alpha_0.86,cov_alpha_0.85,cov_alpha_0.84,cov_alpha_0.83,cov_alpha_0.82,cov_alpha_0.81,cov_alpha_0.8,cov_alpha_0.79,cov_alpha_0.78,cov_alpha_0.77,cov_alpha_0.76,cov_alpha_0.75,cov_alpha_0.74,cov_alpha_0.73,cov_alpha_0.72,cov_alpha_0.71,cov_alpha_0.7,N1_alpha_1,N1_alpha_0.99,N1_alpha_0.98,N1_alpha_0.97,N1_alpha_0.96,N1_alpha_0.95,N1_alpha_0.94,N1_alpha_0.93,N1_alpha_0.92,N1_alpha_0.91,N1_alpha_0.9,N1_alpha_0.89,N1_alpha_0.88,N1_alpha_0.87,N1_alpha_0.86,N1_alpha_0.85,N1_alpha_0.84,N1_alpha_0.83,N1_alpha_0.82,N1_alpha_0.81,N1_alpha_0.8,N1_alpha_0.79,N1_alpha_0.78,N1_alpha_0.77,N1_alpha_0.76,N1_alpha_0.75,N1_alpha_0.74,N1_alpha_0.73,N1_alpha_0.72,N1_alpha_0.71,N1_alpha_0.7
0.0,0.3798338441968493,0.38325539446965734,0.3870677448845472,0.3906339698229331,0.39357469426777314,0.3956907738623656,0.39690597759059404,0.39722465736132023,0.396700649511282,0.3954147699781992,0.39345897281270953,0.390925687574341,0.38790114046569285,0.3844616680660096,0.38067219494984855,0.37658619063021614,0.37224655624268693,0.36768701798266085,0.3629337192947765,0.3580068033059803,0.3529218581703077,0.3476911600214579,0.34232469214139855,0.33683094724142365,0.33121753566863704,0.325491629299392,0.319660271943027,0.31373058474249865,0.30770989113475405,0.3016057816039804,0.29542613438455706,0.3798338441968493,0.38150907158326475,0.38076247378523337,0.3783168976069555,0.37468462520266826,0.3702255937121141,0.36519099555651185,0.3597552722553883,0.3540390270541867,0.34812515672843886,0.34207010448282804,0.3359117038770718,0.32967469179524916,0.3233746477465838,0.31702087230607295,0.310618540772469,0.30417034546538707,0.29767775807886276,0.2911419910970751,0.28456470623175284,0.2779485019318231,0.27129720632505394,0.26461600226829124,0.25791141398170225,0.2511911873242984,0.24446409644332312,0.23773970766182298,0.23102812729026026,0.2243397543526964,0.2176850529978751,0.21107435350712553
0.09817477042468103,0.382375696210309,0.38501920617213,0.38822352626082873,0.3913223674827182,0.39391002483258447,0.3957645469222187,0.3967903937555855,0.39697588467562156,0.39636176927662164,0.39501834458374163,0.3930292292473274,0.39048033599467685,0.38745286176541205,0.38401931122882593,0.3802417266708802,0.37617143815138404,0.37184978093398663,0.36730935282653504,0.3625754987240232,0.35766780920020985,0.35260150148110325,0.34738861361745066,0.3420389871085813,0.33656104205969917,0.33096236539437396,0.32525014006771463,0.31943144470240337,0.31351345107977285,0.3075035432719032,0.3014093780856957,0.29523890257477486,0.382375696210309,0.38324604905697307,0.3818824679676356,0.3789700419219637,0.3749892615457595,0.3702739893471601,0.365054401376333,0.3594882427671113,0.3536830068268359,0.34771139012155644,0.34162195284445557,0.33544646416537355,0.32920500877582237,0.3229096032901087,0.3165668233463027,0.3101797645847107,0.30374953862187115,0.2972764246004971,0.29076074634055943,0.2842035159870688,0.27760687090033787,0.27097432633445595,0.26431086793631553,0.25762291175816665,0.2509181626500567,0.24420540295355364,0.23749424177670683,0.23079485107852685,0.22411770916369247,0.21747336600560993,0.21087223898273422
0.19634954084936207,0.39179081274139876,0.39205028987771434,0.3933883127603453,0.3950415436759434,0.39652090198136697,0.3975345554623864,0.3979293355281172,0.3976467111303596,0.39668982950807075,0.3950991593893262,0.3929349132252416,0.3902648225735395,0.387156096673432,0.3836705763472598,0.37986224430410176,0.37577638954759557,0.3714498550643401,0.36691192367284886,0.36218551262107707,0.3572884486796517,0.3522346788191301,0.34703533596360114,0.3416996256217167,0.33623552976638216,0.3306503423404316,0.3249510595450316,0.31914465068667114,0.31323823429024883,0.3072391812702352,0.30115516338822973,0.294994161720509,0.39179081274139876,0.39026305007160217,0.38704815033475004,0.3827169775226622,0.37765599204671635,0.3721233703256723,0.3662892260111854,0.360264182954343,0.35411909080304244,0.34789832973545476,0.3416286655112009,0.3353251256251626,0.3289949399658951,0.3226402504185647,0.3162600432111231,0.30985158271758995,0.30341150893307767,0.2969366870942696,0.29042485422597203,0.2838750844746589,0.27728808613569456,0.270666343143769,0.26401411827980226,0.2573373410949287,0.2506434081069996,0.2439409247556079,0.23723941750254052,0.2305490407527603,0.2238802978709067,0.21724378955527188,0.21064999713977914
0.2945243112740431,0.40746488449219964,0.4038851757129782,0.4022139786245548,0.40153102132171864,0.40121309591038906,0.40085641033658437,0.40021576816709503,0.39915801568571907,0.3976265254881448,0.3956144156589609,0.3931447733924647,0.3902564997491595,0.38699461515056194,0.38340402672649027,0.3795258958926578,0.3753958755400155,0.3710436160147134,0.36649306551636185,0.36176320838316167,0.3568689887426448,0.3518222534904656,0.3466326161371982,0.3413081924054882,0.33585619182679943,0.3302833700775013,0.3245963577187651,0.31880188541196897,0.3129069260622744,0.30691877256063665,0.30084506709391695,0.29469379512646326,0.40746488449219964,0.402103436537617,0.3959207048454519,0.38930656022955673,0.38249871975444805,0.375635807868983,0.36879317271666984,0.36200714757088837,0.3552908290911522,0.3486439611794793,0.34205892986365855,0.3355243204780676,0.32902702423547653,0.3225535253454249,0.3160907457617566,0.3096266545702368,0.3031507420972521,0.29665439641384966,0.29013118745107436,0.28357705104093617,0.2769903644943617,0.2703719115506064,0.2637247436230939,0.25705395316828306,0.2503663816095399,0.2436702874610762,0.23697499998978513,0.23029058054668647,0.22362750865287528,0.2169964041907285,0.21040779160278486
0.39269908169872414,0.4284487922091509,0.4198074679571137,0.41416187235120266,0.41038708654633416,0.40768481347284063,0.40550496869288816,0.4034819934557709,0.4013850401540902,0.3990791446978666,0.396495300937959,0.3936078281441069,0.3904177049697474,0.3869407228820824,0.3831994465606328,0.3792180906854674,0.37501954612127014,0.3706239160209939,0.36604804969789057,0.3613056826482892,0.356407898756838,0.35136372122943244,0.34618071046144006,0.34086550031147783,0.33542424123182474,0.3298629424213788,0.32418771887481734,0.31840495593289503,0.3125214062058664,0.30654423343493437,0.30048101628414,0.2943397230199345,0.4284487922091509,0.4180607552946136,0.40797491918577533,0.3983484250010299,0.3892271585233367,0.3805951782791219,0.37240504052488865,0.36459661584597036,0.3571078559767516,0.349880301458479,0.3428614054284063,0.33600510794745914,0.3292715802327096,0.32262667795410055,0.31604138277610677,0.30949134694215874,0.30295656082533995,0.29642111558578293,0.28987301523973186,0.2833039926087098,0.27670929365207036,0.2700874091305311,0.2634397475359434,0.25677025610362786,0.2500850058690706,0.2433917614997506,0.23669955726879408,0.23001829793114104,0.22335839864496984,0.21673047270032952,0.2101450706902804
0.4908738521234052,0.45352714846862163,0.4388990809538866,0.4285410209164015,0.4210912412938925,0.4155478906900953,0.41119014270740717,0.40751147657178044,0.40416627433898716,0.40092727738961315,0.39765208832776455,0.3942572659761976,0.3906987637412234,0.38695758792275076,0.3830296535565994,0.378918917838996,0.3746329849058861,0.3701804996550939,0.3655697759248611,0.36080822746457714,0.3559022816203578,0.350857550584232,0.34567911128846757,0.3403718027360067,0.33494049068525805,0.32939027704969576,0.32372664831446835,0.31795556672211783,0.312083512455847,0.30611748648221404,0.30006498347050753,0.2939339431609629,0.45352714846862163,0.4372284414160685,0.4225350602223785,0.40933880014336904,0.3974653842487363,0.38672050871050284,0.37691436238221715,0.3678745018959986,0.35945104397022637,0.3515172427432667,0.3439676407984888,0.3367152316186362,0.3296884894941868,0.3228287087643854,0.3160878234100439,0.30942671768206337,0.3028139561298342,0.29622482990635013,0.2896406151346656,0.28304795442638014,0.27643829517325774,0.2698073422158174,0.26315450426538195,0.25648233084251504,0.2497959484497511,0.24310251113144754,0.23641068218499614,0.2297301617899347,0.22307127114698377,0.21644459872382402,0.20986070944971838
0.5890486225480862,0.48130421626541875,0.4601043890661305,0.4445559012811778,0.43304573006886526,0.42435421267709184,0.4175765744065829,0.4120535392675424,0.40731447500636114,0.40303112482055997,0.39898044060135707,0.39501526206700194,0.39104169583763687,0.38700211213900154,0.3828627376523707,0.3786049013788773,0.37421909105387224,0.36970109582567595,0.36504963744756075,0.3602650171029611,0.355348419842026,0.350301617770084,0.3451268939340571,0.33982707114460026,0.3344055754527095,0.3288664954064184,0.3232146186338782,0.31745543969719364,0.31159514004435884,0.3056405442317137,0.29959905780875745,0.2934785923078795,0.48130421626541875,0.45856208733474285,0.4388197980892427,0.4216928201121506,0.4067750497261556,0.39368267521557193,0.3820734640230386,0.37165392728671115,0.36217895579432113,0.3534473670708101,0.3452957305145936,0.3375919525301591,0.33022943717554315,0.32312217718539876,0.3162008405302563,0.30940975700954837,0.30270463778730605,0.2960508453839848,0.28942204794796317,0.282799123051042,0.2761692122044381,0.2695248615265717,0.26286321298904153,0.25618523276107585,0.24949497796774903,0.24279891121583683,0.23610527473485066,0.22942353450953998,0.2227639009997794,0.2161369284219683,0.20955319020319693
0.6872233929727672,0.5102999266676621,0.48230185141973303,0.46135971764766265,0.4456131059673652,0.43362508816256246,0.42430546791636575,0.4168396280492926,0.4106288364948403,0.4052406526569386,0.40036833825658064,0.3957982592762135,0.3913842707946513,0.3870280685542978,0.382664504891077,0.3782509156729213,0.3737595885354958,0.3691726121623658,0.3644784695889367,0.359669863522627,0.3547423787845185,0.3496936896130865,0.34452310448026074,0.3392313076753788,0.3338202066213168,0.32829282923035413,0.3226532395356872,0.31690645523416666,0.3110583601406744,0.30511560987627445,0.2990855318634385,0.2929760219027745,0.5102999266676621,0.4809490415726083,0.4559924336496774,0.4347806693868463,0.4166813672792919,0.40112310484671804,0.38761098095041935,0.37572906284512403,0.3651350892519994,0.35555135752496386,0.34675442849793486,0.33856523853280246,0.3308404364761324,0.3234652402186938,0.3163477877531466,0.3094147892775215,0.3026082216994529,0.2958828053776044,0.2892040357559304,0.282546589884106,0.2758929772633752,0.269232349028205,0.2625594156845041,0.2558734503067705,0.2491773715354507,0.24247691013254502,0.23577986602275372,0.22909546163758168,0.22243379388712825,0.21580538278281103,0.2092208107545143
0.7853981633974483,0.539047989396621,0.5043771451460342,0.4781087458571395,0.45815653455529337,0.4428811196401213,0.4310167422227951,0.42159977890892614,0.4139072724291881,0.4074047985597353,0.4017030255584331,0.3965222456338326,0.3916640485031599,0.3869892190918254,0.3824009011808391,0.37783208270592655,0.37323652033703936,0.3685823179230375,0.36384749034175773,0.35901696714772907,0.3540806080366025,0.349031906979103,0.34386714997332435,0.3385848616415872,0.3331854294062918,0.3276708329741367,0.3220444341151782,0.31631080002157397,0.3104755453160029,0.30454518505398004,0.2985269953397496,0.2924288805320638,0.539047989396621,0.5032795932770199,0.4732123365383695,0.44796465652546974,0.42669980993117607,0.40867303515599884,0.3932458092759457,0.37988530919154223,0.36815538737705356,0.35770361799740685,0.34824742633823796,0.33956108487028075,0.3314644585009228,0.32381377690401364,0.31649434723665065,0.3094149341094428,0.30250346799993477,0.29570375142256355,0.2889728790603836,0.2822791499770412,0.27560031220973086,0.26892203445047796,0.2622365425322887,0.2555413893063741,0.24883834619185133,0.24213241512221106,0.23543096315799109,0.2287429810650772,0.22207846380063545,0.21544790678377126,0.2088619081996079
0.8835729338221293,0.5661881174023795,0.5252918836188829,0.4940133595549973,0.47007759345800254,0.45167017198633325,0.4373697289779412,0.4260779591089081,0.41695782292251593,0.4093799928923585,0.40287741303382596,0.39710759915523997,0.39182207396872976,0.386842155272459,0.3820402140121759,0.37732549159608775,0.37263360071991897,0.36791891397425824,0.36314915156447736,0.35830159728731065,0.3533604878078081,0.34831522560382383,0.34315915594283997,0.33788872126506814,0.3325028629573279,0.32700258265187104,0.3213906054163924,0.3156711081430121,0.3098494904816623,0.303932174774502,0.29792642717358503,0.29184019559782326,0.5661881174023795,0.5245140393676152,0.48968354973293754,0.4606343701286562,0.4363615350221406,0.4159719355402613,0.3987005134735049,0.3839091278407107,0.3710755231649936,0.35977774491958275,0.3496775306441416,0.34050476189426293,0.33204400588754973,0.32412346664115427,0.3166062379987978,0.30938353304821825,0.3023694889578969,0.29549715788679903,0.2887153517118893,0.28198608241969153,0.27528241343389437,0.26858660038950016,0.26188844892634333,0.25518385152297857,0.24847348682792114,0.24176167598227657,0.23505539400725187,0.22836343324414043,0.22169571244185518,0.21506272115775862,0.20847508581375052
0.9817477042468103,0.5905451684728925,0.5441426049920702,0.5083818300718894,0.48084870275402575,0.4595913429450651,0.44306088121307335,0.4300451615746151,0.41960836011197006,0.411037380640332,0.40379548031235113,0.39748315685386926,0.39180596539227924,0.38654866136096894,0.38155489627753325,0.3767116179074908,0.37193732839868404,0.3671734121349055,0.36237783814635666,0.3575206514065692,0.35258077892824496,0.3475437803745587,0.34240026326987394,0.3371447574627622,0.33177490233251206,0.32629084487174315,0.32069477948949593,0.3149905836023747,0.3091835191050724,0.3032799805719663,0.2972872780927078,0.2912134471486103,0.5905451684728925,0.5437405161631818,0.5046969555470325,0.4722373992480704,0.44523578494704535,0.42268388622645525,0.403713361091598,0.3875969483512632,0.3737375565021181,0.3616515633084758,0.35095052766011614,0.3413238281946689,0.33252350180644874,0.3243517156713808,0.3166507950811694,0.3092954639865032,0.3021868583905739,0.29524788003339286,0.28841951997655263,0.28165786472132953,0.27493158007043705,0.2682197386391898,0.26150991106825905,0.25479647829555957,0.2480791448582821,0.2413616443869051,0.23465063173046663,0.22795475470729495,0.22128389488431463,0.21464856289554693,0.20805943074111724
1.0799224746714913,0.6111894652662254,0.5602058282331625,0.520653841964811,0.490037973708132,0.4663133422788526,0.4478373495284697,0.4333094325709013,0.421714004587648,0.41226832198663704,0.40437637343377686,0.39758928441543534,0.39157223013134423,0.38607747563554545,0.3809229171710348,0.3759753688563869,0.37113780218266346,0.3663397769269168,0.36153037691842577,0.3566730617816085,0.35174195029486754,0.346719151138623,0.34159284588307187,0.3363559039179353,0.33100486910809174,0.3255392043367681,0.31996071470900694,0.31427309525437536,0.3084815666469804,0.3025925746330374,0.2966135370623043,0.2905526278409765,0.6111894652662254,0.5602195460785452,0.517663179031561,0.4823036711346256,0.4529479365576481,0.4285110162767844,0.4080483795811527,0.3907627439731476,0.3759956858205211,0.36321153383601246,0.3519785954227788,0.34195080308129383,0.33285140938953717,0.32445936026261896,0.31659835713343043,0.3091282874977614,0.3019385719162141,0.2949429693345416,0.2880754437223116,0.2812867830355273,0.2745417507396219,0.2678166266770026,0.26109705224210883,0.25437613426560696,0.2476527852862743,0.24093028886031878,0.2342150812649834,0.22751573896161084,0.22084215726999282,0.21420490177458543,0.20761471112677357
1.1780972450961724,0.627474537635405,0.5729664699922173,0.5304217953224081,0.4973251167826888,0.47158633312940673,0.45150577433793376,0.43572238941407787,0.4231619542687645,0.4129879722928162,0.4045570642432153,0.3973798584723609,0.3910877493514056,0.3854054090907249,0.3801286111624466,0.3751067327170987,0.3702292219712458,0.3654153155511557,0.3606063430711865,0.35576003866882394,0.3508463739384971,0.34584452105458235,0.34074064101415386,0.33552626579174144,0.3301971035261746,0.32475214319916296,0.3191929711646152,0.31352323832686446,0.3077482357404846,0.3018745497189859,0.29590977670709917,0.2898622843754668,0.627474537635405,0.5734126875052498,0.5281344408294023,0.49046220242986954,0.45919240230487296,0.433203481798144,0.4115031022789572,0.39324406385375754,0.37772095897046615,0.36435644195989186,0.3526832016267503,0.3423254515982563,0.33298204259535247,0.3244121114727156,0.31642342921369937,0.3088631930200359,0.3016108270260932,0.2945723262010553,0.2876757313128278,0.2808674114588818,0.2741089238379892,0.26737430118658684,0.2606476785144274,0.2539212117442413,0.24719326443308687,0.24046684927940187,0.2337483131174839,0.22704625147742089,0.2203706345011752,0.21373212200372751,0.20714154280448618
1.2762720155208536,0.6390508243078428,0.5821286316620338,0.537439247206532,0.5025080056149775,0.4752470022741118,0.45393617572395256,0.4371821844370482,0.42387372788699107,0.4131369695854982,0.4042936124176683,0.39682320575372776,0.39033047409131316,0.3845178598425815,0.37916305756745877,0.37410105893161,0.3692100959204034,0.3644008318623168,0.35960817557867353,0.354785157985629,0.3498983929074196,0.3449247304912219,0.3398487933297752,0.33466115710733746,0.32935699724828765,0.3239350706193545,0.31839693794947554,0.3127463599839693,0.30698882030083663,0.3011311419044549,0.2951811746378525,0.2891475372994536,0.6390508243078428,0.5829943233943791,0.5358147442202932,0.49644988774593446,0.46374016643936106,0.43656587012335474,0.4139139520192327,0.39490650596530336,0.3788049454274382,0.36500037808420843,0.3529974965361606,0.34239668840394266,0.3328770704725226,0.32418173892525887,0.3161056142165132,0.3084857350824792,0.30119361081423035,0.29412917642222725,0.2872159336505164,0.2803969455369271,0.2736314466110151,0.26689191423767894,0.2601615100579414,0.2534318426128307,0.2467010259805098,0.23997201933487977,0.23325123366963266,0.226547388734335,0.21987059861641453,0.2132316603617809,0.20664151756744845
1.3744467859455345,0.6458562221490627,0.587609509095962,0.5416171310457131,0.5055004397018529,0.4772173199991645,0.45506133101846263,0.4376332441949475,0.42380509899092983,0.41268145940260714,0.40356122014570883,0.3959021548898149,0.3892894593149328,0.38340882514287516,0.3780240719978704,0.3729590331507026,0.3680832040542656,0.363300583321618,0.35854113154697353,0.353754316213744,0.3489042789881563,0.34396623902655027,0.3389238219987494,0.3337670731462059,0.32849097094244323,0.32309430512287346,0.31757881968327034,0.3119485493077454,0.3062092982189893,0.30036822524667933,0.2944335094073391,0.28841407763200894,0.6458562221490627,0.5888472949278961,0.5405589536376133,0.5001127621328592,0.46644129583045624,0.4384602922742254,0.41515946349049493,0.39564678365274547,0.37916248493471816,0.3650750943789623,0.35286826372470537,0.3421241456980088,0.33250674652986717,0.323747015060317,0.3156303266491222,0.30798636748372893,0.30068109894063455,0.2936103716883489,0.28669477539189675,0.2798753863031586,0.27311016813270134,0.26637086642637947,0.25964030187033865,0.252910011218354,0.24617820864749596,0.2394480502580394,0.23272618538679998,0.22602157486612262,0.21934455159423538,0.21270609480968597,0.20611728725981382
1.4726215563702154,0.6480865176007404,0.5895187492393149,0.5430095352389183,0.5063224731459336,0.4774980417892958,0.45487245222584516,0.4370634127694038,0.42294420898926627,0.4116118375857199,0.40235337664683973,0.3946134333068894,0.387964417902735,0.3820805534486636,0.3767159211488387,0.37168643431713555,0.36685538628943437,0.3621220938387588,0.3574131205647992,0.3526755843028699,0.34787210473560465,0.34297701427998345,0.33797352492157917,0.3328516085431256,0.32760640461202856,0.32223701548842504,0.31674558630156696,0.311136594407054,0.30541629432795353,0.2995922792979136,0.29367313142439117,0.2876681402092774,0.6480865176007404,0.5910445892819106,0.5423623558629137,0.5014008721797968,0.46722322706234315,0.4388067253177816,0.4151617350874289,0.3953946564187723,0.37873369972574356,0.3645318680289303,0.35225751932642774,0.3414794693894713,0.33185090945181567,0.3230944538222388,0.31498931416275805,0.30736079468414623,0.30007188050418887,0.29301652530689687,0.28611423157953253,0.2793055807320704,0.27254846010102834,0.2658148192369288,0.25908785478235,0.2523595680389701,0.24562866437609152,0.23889877398005796,0.23217697455278863,0.22547259312222057,0.21879625951246273,0.21215918030859485,0.20557260030183563
1.5707963267948966,0.6461504369550354,0.5881267999531564,0.5417916887904749,0.5050852833752938,0.476158422786601,0.45341226033766135,0.43549931898922095,0.4213084737570038,0.40994067349487445,0.40068044220890336,0.39296667496397286,0.3863649976203741,0.3805429924902078,0.375248881287707,0.3702937671069256,0.3655372274937589,0.3608758791934561,0.3562344634001871,0.35155899529888135,0.3468115570002423,0.34196636883511616,0.33700683669433745,0.33192333394401785,0.32671153059220015,0.3213711277622992,0.31590489186836435,0.3103179109646293,0.30461701682267817,0.29881033176441885,0.29290691045833533,0.2869164548758186,0.6461504369550354,0.5898204527005116,0.5413430686079628,0.5003583897411268,0.4660859416726117,0.4375813497169771,0.4138866024528289,0.39411404622967644,0.3774854786226623,0.36334300626634203,0.3511438492225439,0.34044740470475104,0.33089979934306146,0.32221887776615793,0.31418101455098135,0.3066101639832121,0.2993690293186905,0.2923520010122606,0.28547946520322176,0.2786931318402219,0.27195211650533135,0.26522959563401355,0.25850992388467725,0.25178614956523465,0.24505789099846353,0.23832954843233878,0.23160882817587455,0.22490555291085035,0.21823072810968247,0.21159583131204854,0.20501228965798535
1.6689710972195777,0.640615126388867,0.5838265379065852,0.5382332966121061,0.5019728746320098,0.4733238152649022,0.4507666699042833,0.43300084875833394,0.4189409247092033,0.40770028138638464,0.3985680149653901,0.3909832926342469,0.3845099702923773,0.3788131759170565,0.37363874904408817,0.3687958533438545,0.36414270461068493,0.3595751360589599,0.35501761536693244,0.3504162977342711,0.3457337174953394,0.3409447656522548,0.33603365660213935,0.33099164422901856,0.3258152995682792,0.3205052066295035,0.31506496893746094,0.30950044738918475,0.3038191712241085,0.2980298795596276,0.292142162323963,0.2861661776046026,0.640615126388867,0.5855349936571904,0.5377200869551387,0.4971108449410538,0.463095263242903,0.43481367260786924,0.4113430271065199,0.39180363846961325,0.3754126096008595,0.3615030957220009,0.3495235443351678,0.33902670891050785,0.3296547164578815,0.32112383625622615,0.3132107696814139,0.30574111983506147,0.2985800428677918,0.2916247756357036,0.28479864539974886,0.2780461966068759,0.2713291484664152,0.26462298314438404,0.257914036561217,0.2511970145924392,0.2444728877371237,0.23774713168565972,0.23102828531335173,0.22432679642152262,0.21765412268568152,0.21102205297827034,0.20444221355313044
1.7671458676442586,0.6321482181460205,0.5770926455763864,0.5326704448673298,0.4972229181084238,0.46916278323707133,0.4470562373649554,0.42965553344273283,0.4159065534363548,0.404940339757045,0.39605536260503166,0.38869541568227134,0.38242647818523273,0.3769146549775151,0.37190638424803435,0.3672114434176717,0.3626888435283883,0.35823543256140705,0.35377688497723536,0.34926069975089935,0.3446508309047884,0.3399236088624836,0.3350646605782246,0.3300665898000552,0.32492722910385974,0.3196483189693114,0.3142345049321975,0.3086925719373774,0.3030308563621661,0.29725879201268063,0.2913865579437848,0.2854248042987646,0.6321482181460205,0.5786365007430397,0.5317897970324195,0.4918513201996764,0.45837543473239367,0.43058313505415374,0.40758209800486095,0.38849717748168117,0.37253865943665626,0.35903003384597393,0.34741154271744684,0.3372308896267655,0.3281285208408969,0.31982187774043014,0.31209090517027277,0.3047657343825822,0.2977166669120066,0.29084619591093225,0.28408266740593086,0.27737519249357273,0.2706894938506636,0.26400445731904615,0.25730923603518974,0.25060081076382207,0.243881945366051,0.23715949487994314,0.23044303107081202,0.22374375158476623,0.2170736377959117,0.21044482543885681,0.20386915232146233
1.8653206380689396,0.6214622529703351,0.568442848913446,0.5254789703559947,0.4911087403398227,0.4638751147648568,0.44242830870603006,0.4255734807358012,0.41228907491993994,0.401725831526423,0.3931940979759016,0.38614501137532437,0.3801494168034362,0.37487703006728584,0.3700773245148157,0.3655628779911455,0.36119541000482247,0.35687442070666053,0.35252816536124404,0.3481066192087323,0.34357607391240896,0.3389150316723855,0.3341111073757788,0.3291586998476772,0.3240572424081996,0.31880988628921275,0.3134225063467885,0.3079029468563577,0.30226044680218217,0.2965052001437979,0.29064801828058423,0.2847000704276526,0.6214622529703351,0.5696253351310245,0.523903454702839,0.4848271546899982,0.4521018833613617,0.42501569064480554,0.4026958708681143,0.38426352747530707,0.36891658937599886,0.3559657954694335,0.3448421231272543,0.335088719927795,0.3263459372698731,0.31833465532000077,0.310840668644969,0.303701318134261,0.29679461779676225,0.2900306467785984,0.2833447945572003,0.27669243392237736,0.2700446627422678,0.2633848454946826,0.256705768656505,0.25000728765291175,0.2432943853196415,0.2365755862951242,0.22986168382828465,0.2231647402972574,0.21649732423092152,0.20987194736085057,0.20330066654253734
1.9634954084936207,0.6092662068764493,0.5584043043718487,0.5170515275166522,0.4839239431711801,0.45768169143308346,0.43705046766642924,0.4208832100809925,0.4081883163442734,0.3981354150914746,0.39004715076212126,0.3833832096103606,0.3777209577606095,0.3727355791809119,0.3681814672955975,0.36387579699583233,0.35968463388857236,0.3555115722060566,0.35128868188815976,0.3469694445755544,0.3425233307733167,0.3379316873792915,0.33318464499340283,0.3282788034550422,0.32321550288543227,0.31799953120424534,0.31263815554915025,0.3071403939591077,0.3015164657936059,0.295777375792662,0.28993459867339494,0.28399983981443677,0.6092662068764493,0.5590224507049578,0.5144474954016865,0.47632821823129423,0.4444947029095658,0.41828055491008104,0.39681605257207914,0.37920640677875145,0.3646289751322113,0.3523767991000704,0.3418692305607869,0.3326444353466855,0.32434359721941236,0.31669282198914633,0.309486003745139,0.3025701041732355,0.2958332076780968,0.2891951443632415,0.282600240306575,0.27601171907227695,0.26940733977314313,0.2627759513145139,0.2561147341171744,0.24942697389584675,0.2427202634183764,0.23600506037946933,0.22929354774317645,0.22259875233579982,0.2159338822417507,0.20931184647019654,0.2027449230028453
2.061670178918302,0.5962273928467832,0.5474872831129088,0.507779708966453,0.47597046576116075,0.4508166602917174,0.4311054940175161,0.4157284572341908,0.4037182132177801,0.3942601661410065,0.38668795926869803,0.38046975468326827,0.3751901432428659,0.3705309263337586,0.3662527748020717,0.36217886282744544,0.35818094341770773,0.3541679224598749,0.35007674687899676,0.34586530199760523,0.3415069740039612,0.33698654420999946,0.332297119435457,0.3274378514415967,0.3224122478221465,0.3172269215327643,0.31189066382566494,0.3064137552584442,0.3008074523085053,0.29508360408603573,0.2892543659730188,0.28333198587407266,0.5962273928467832,0.547344490204627,0.5038277238224984,0.466677215166789,0.4358129498465842,0.41058701446509893,0.3901123177159374,0.37346354885226596,0.3597875919696552,0.34835366322130284,0.3385662630754698,0.32995748272368874,0.3221697252900764,0.3149356550466998,0.30805912516412587,0.30139879088276916,0.2948548718777468,0.28835886250665205,0.28186570521207677,0.27534788528129633,0.2687909629755992,0.26219015971010523,0.2555477174733938,0.24887083592777595,0.24217005419309623,0.2354579860691762,0.2287483432497316,0.2220551961645879,0.21539243083274365,0.20877336562007984,0.20221049597303567
2.1598449493429825,0.5829453109261427,0.5361670266833152,0.49804162558105775,0.467550194535832,0.44352183373689735,0.42478765975852734,0.4102657334877498,0.39900519123512646,0.39020248245952266,0.38319969929822556,0.37747243016983706,0.3726124273620512,0.3683086521757361,0.3643289274182024,0.3605034427970186,0.3567106702299309,0.3528657954218723,0.3489115032542902,0.34481081709000655,0.34054164352261185,0.33609268066718295,0.3314603847835309,0.3266467394599675,0.32165762273668114,0.3165016141870911,0.3111891232644135,0.30573175151815973,0.3001418251865309,0.29443205235050623,0.2886152716220177,0.28270426845249835,0.5829453109261427,0.5350861854283727,0.49245756884112774,0.4562218786631494,0.4263494404670549,0.40218091146393914,0.38278986599537745,0.36720492967908025,0.35453205480717903,0.34401009974763536,0.33502512335439083,0.327101675257019,0.31988336782669013,0.31311034262232545,0.3065978550960437,0.30021792405470266,0.2938845939195138,0.2875425984190064,0.2811588808504141,0.2747163487166611,0.2682092965942341,0.26164004022726334,0.2550164204374073,0.2483499348402706,0.24165433109287685,0.23494454833374032,0.22823592812932914,0.22154363790715495,0.2148822631852895,0.2082655333719745,0.20170615178946125
2.2580197197676637,0.5699373569242645,0.5248734376479148,0.48819447954326184,0.45895960456379004,0.4360428033576587,0.4182998839877372,0.4046622126486185,0.39418656674633334,0.38607484504073764,0.3796743003311485,0.37446625806773626,0.3700490094464022,0.3661187285023371,0.36245083709355636,0.3588831859473724,0.35530167850029915,0.3516284766528439,0.34781263475830215,0.343822856636514,0.33964201485249707,0.3352630758335125,0.33068611171475565,0.3259161313444604,0.32096151667803324,0.315832900038058,0.31054235927314605,0.305102840946439,0.2995277469082731,0.2938306381933291,0.2880250235324988,0.28212420919343534,0.5699373569242645,0.5227096446862419,0.480749822322684,0.44532841914624627,0.4164254277397072,0.3933402380345898,0.3750857315231994,0.36062965578773043,0.3490271884687212,0.33948069320100843,0.3313543470152798,0.32416361841209246,0.31755307060877797,0.3112708720221341,0.3051446855452986,0.2990611009355451,0.29294922359365433,0.286768181480952,0.28049793028452163,0.2741326412707659,0.2676760125324779,0.26113796397741157,0.2545323070895567,0.24787509591517898,0.24118345627236915,0.2344747556533929,0.22776602083008016,0.22107353915433234,0.21441259793196923,0.20779732793097294,0.20124062478448335
2.356194490192345,0.5576349007847425,0.5139872939028115,0.47857099793898294,0.4504864712427952,0.428625964888902,0.4118510857117971,0.39909340970432955,0.38940853692759275,0.381998097021594,0.3762109855103266,0.37153226987191706,0.3675658060455215,0.3640146622440393,0.3606619364855757,0.357353433129999,0.3539828745523153,0.3504798038899006,0.34680002161082646,0.34291823595134946,0.3388225470900339,0.334510388861577,0.32998559119463894,0.3252562812138848,0.3203333982403797,0.31522965042584217,0.3099587850602889,0.304535079835697,0.29897298914503223,0.29328689914470124,0.2874909593233029,0.28159896810134827,0.5576349007847425,0.5106392094299163,0.4691107311629182,0.4343752827514052,0.4063843882857856,0.38436922733415385,0.3672633657559459,0.35396114786999355,0.34345885569150236,0.3349173672003935,0.3276761670312475,0.3212403102320369,0.3152549422485722,0.30947648082285784,0.30374554490079814,0.29796398691130904,0.2920766871994371,0.28605782998048873,0.2799009534760973,0.2736119552424326,0.26720429215472236,0.2606957464033201,0.2541062762001324,0.24745660272238065,0.2407672913541011,0.23405816422700068,0.2273479361896995,0.22065400310956587,0.21399233514750524,0.20737744269921773,0.20082239226692578
2.454369260617026,0.5463872813125017,0.5038410600448817,0.46947822323673966,0.44240748601074514,0.4215155554086231,0.4056530463821615,0.39374012786084034,0.38482336457356636,0.3780989444184077,0.3729141153777153,0.36875568735109904,0.36523194306584045,0.3620522630146496,0.35900718216121064,0.3559504164631831,0.3527835660411607,0.34944365360886104,0.3458933267969629,0.3421133819289026,0.33809720410357347,0.3338467235757232,0.3293695310467415,0.32467685332420076,0.31978215224428924,0.31470016598393097,0.30944625928573083,0.304035986765325,0.29848480201015476,0.29280786601229475,0.2870199232252308,0.281135223712006,0.5463872813125017,0.49926002185850343,0.4579350586814323,0.42374620736712726,0.39658419287398666,0.3755904305293796,0.3596051433450979,0.3474403854959533,0.3380280909160296,0.330484443521364,0.32412245820061286,0.31843588540206186,0.3130700888463121,0.3077896662555162,0.3024482702722951,0.2969631497608271,0.29129509681252014,0.2854334636751213,0.2793854460909794,0.27316870454056125,0.2668064573158749,0.26032432476589945,0.25374836902744197,0.24710392454340038,0.2404149377698923,0.23370362731109914,0.22699034172292917,0.22029353696771445,0.21362982467052385,0.20701406077037607,0.20045945558125186
2.552544031041707,0.5364708202616226,0.49472216776302363,0.46119711269328834,0.43498566121185905,0.414949907934552,0.39991622132030735,0.38878428238354784,0.38058548704208617,0.3745064938350966,0.36989021039281184,0.3662234293752844,0.36311771255596953,0.3602879977032452,0.3575317479575264,0.35471023257268025,0.35173266053672986,0.3485433169487255,0.3451115086974296,0.3414239490516701,0.33747914732732803,0.3332833773574812,0.32884784519528015,0.3241867399749738,0.31931591781512353,0.3142520288661858,0.3090119482755676,0.3036124120115464,0.2980697888554683,0.2923999419446232,0.28661814876058095,0.2807390590458794,0.5364708202616226,0.48891831488662874,0.4476007974004681,0.4138217415805445,0.38738716442429294,0.36733451321083926,0.3524026734775429,0.34131718685920287,0.33294356513322027,0.32635234368566685,0.32082961949595096,0.3158575589728318,0.31108146889821625,0.3062737931091853,0.3013008170926839,0.2960947353098152,0.2906317762204066,0.2849159851733649,0.27896776143016666,0.2728161100203782,0.2664936369722833,0.260033476063217,0.2534675180624411,0.24682548258957096,0.24013451226924346,0.23341907543960141,0.2267010403788039,0.21999983655546182,0.2133326528622753,0.20671464450112853,0.20015913336522698
2.650718801466388,0.528100027437064,0.486876829155793,0.4539816544373292,0.4284666879132443,0.4091564035527632,0.3948441942828324,0.38440343617259637,0.3768464732698355,0.3713478045433609,0.3672441593962728,0.3640209664573904,0.36129202093522156,0.3587769586740121,0.3562794321086566,0.35366760919319046,0.3508577189539195,0.34780077673777093,0.34447226873134884,0.34086439465543455,0.3369804047161526,0.3328305776825189,0.32842943817600206,0.3237938796086975,0.31894192975862473,0.31389196018346194,0.3086621945967489,0.30327041399396865,0.29773378849044285,0.29206878912541795,0.28629114915039255,0.2804158553120737,0.528100027437064,0.47992168895083104,0.43846256468396216,0.40496877647702295,0.3791479071081456,0.3599278547582662,0.3459451066114927,0.3358397571013554,0.32841261922678816,0.3226901512992481,0.31793258179203854,0.3136109227416606,0.30937028796899857,0.3049903898724435,0.3003492708104525,0.2953930295598659,0.2901122336527046,0.28452454946883887,0.27866258741352185,0.27256581610035063,0.26627547368552756,0.25983157822451125,0.253271339005353,0.24662845730902513,0.23993296021557664,0.23321133061898802,0.22648678337309214,0.21977959731933158,0.21310745230281714,0.20648574499285544,0.1999278720868406
2.748893571891069,0.5214386548428546,0.48051294420400525,0.44805668444783125,0.42307384683147964,0.4043449874436054,0.39062680194718197,0.380764161630821,0.3737489830821407,0.3687426184362698,0.3650747689358255,0.36222866002643794,0.3598194440836973,0.3575705391779396,0.35529085170458613,0.35285452140294676,0.3501839058602967,0.34723591636121526,0.3439914561043544,0.3404475291192215,0.3366115268952583,0.33249721410145533,0.32812199050615054,0.3235050792408807,0.3186663664460547,0.3136256852886232,0.3084023942862674,0.30301514484961606,0.2974817667943112,0.2918192249923593,0.28604361728678906,0.2801701951515542,0.5214386548428546,0.47253818380894935,0.43084325903962556,0.39752815412873305,0.3721992512472041,0.35367843296409235,0.34050596091463164,0.3312430116319951,0.32463132038017745,0.3196574220293346,0.31555825640434165,0.3117948419542818,0.3080121208436733,0.30399627049879746,0.29963575760736505,0.2948889729726682,0.28975912374614715,0.2842758474634634,0.2784824531154434,0.27242754583516865,0.2661598728129586,0.25972541506067987,0.25316596553144605,0.24651863629237405,0.2398159066411373,0.23308595518341813,0.22635311457849258,0.21963835392170386,0.2129597373832167,0.20633283503174357,0.19977107788105597
2.84706834231575,0.5166090046661729,0.47580133090988125,0.4436141710605621,0.41900157067232974,0.4007005335645836,0.3874323007171987,0.3780146244583246,0.37142010820789334,0.3667976091985381,0.3634699468572222,0.36091782981211895,0.3587570853017345,0.35671396983916354,0.3546015425237073,0.3522987461783525,0.34973290203688534,0.346865707839821,0.34368246347316345,0.3401840648315793,0.3363812472091694,0.33229057735287043,0.32793175315641077,0.32332584714809126,0.3184942086054314,0.31345781030932646,0.3082368854905707,0.30285074747344615,0.2973177197832278,0.29165512985300746,0.28587933700571017,0.28000577704796453,0.5166090046661729,0.4669936484309279,0.42502417764696937,0.3918009577861909,0.3668371167735407,0.3488608549096634,0.3363292990580871,0.32773642364040756,0.32177418471654734,0.31739577173817324,0.3138188470505832,0.3104962782788792,0.3070730047309565,0.3033406579706823,0.2991963771317067,0.2946087093365021,0.28959125127240676,0.2841834347589504,0.2784372816437788,0.27240880185765154,0.2661527961478806,0.259720023706381,0.2531559243190447,0.24650030011396654,0.2397875429247173,0.23304713404325142,0.22630424620268152,0.21958034916382654,0.2128937674153494,0.2062601678856422,0.19969297272177097
2.945243112740431,0.5136987172617413,0.47287518919490185,0.44080829467867383,0.41640821236755116,0.39837470972248495,0.38539924029440664,0.3762770149264618,0.36996465346708396,0.36560062993948944,0.3625019185948783,0.3601468718241995,0.35815149106178296,0.35624391347054113,0.3542401138943392,0.3520224667549085,0.34952186094176935,0.3467034380026504,0.34355565542186645,0.3400821934186092,0.3362961662730098,0.3322161199783004,0.32786336119966936,0.3232602429751576,0.31842911422949843,0.3133917138458796,0.3081688515740033,0.3027802665107769,0.2972445902298333,0.2915793677224569,0.28580110728586056,0.2799253423807549,0.5136987172617413,0.463467601223003,0.42123436416155563,0.3880345501676095,0.36330546656541207,0.345701684927674,0.3336163104459853,0.3254923160920728,0.31998433774855156,0.31602086812878843,0.3128055167319614,0.3097854141517582,0.30660578146679557,0.3030625093257683,0.2990592958215123,0.294572261573176,0.28962267510881556,0.28425714019368997,0.2785340074919123,0.2725146207212698,0.26625810112600173,0.2598185821949405,0.25324404649013416,0.24657614204021885,0.23985054556211657,0.23309758773285272,0.2263429642527609,0.21960843183036896,0.21291243786299616,0.20627066343731068,0.19969647713405925
3.043417883165112,0.5127649853119658,0.4718282647742024,0.4397500751950716,0.415408896374311,0.3974782379648493,0.3846288903090284,0.37564058705057396,0.36945901577172097,0.3652155108490997,0.3622229268689297,0.3599577868722965,0.3580359060943863,0.35618633424087154,0.35422662137764543,0.3520410474140321,0.3495624970559282,0.34675803600463584,0.3436178746515215,0.3401472227872251,0.33636048305185245,0.332277253781698,0.3279196773659828,0.32331075285078514,0.31847331507515536,0.3134294578911933,0.30820024180452865,0.3028055757678535,0.2972641998590932,0.2915937220949249,0.28581068085935324,0.2799306164358766,0.5127649853119658,0.46208831255080507,0.41964035429641644,0.3864097156622511,0.36178272758003205,0.3443663652340299,0.33251345334205246,0.3246355852587184,0.3193649280059832,0.31561547925714384,0.31258291844347913,0.30971146410157924,0.30664697279816694,0.3031882452493014,0.299243141223065,0.29479242773326014,0.28986197127652885,0.2845025886285167,0.27877627632182683,0.27274738787040903,0.2664774263141551,0.2600223343341426,0.2534314110849967,0.2467472169656951,0.2400060228986792,0.23323851304341356,0.22647056165277868,0.21972398241247038,0.2130171996589076,0.2063658224961762,0.1997831210180372
3.141592653589793,0.5138366272426078,0.4727125035918467,0.4405025078879303,0.4160694573282628,0.3980745171417455,0.3851791018637119,0.37615607870441825,0.3699463176119258,0.36567795016064375,0.36266185400683093,0.36037346739073145,0.3584281379210355,0.35655484724480097,0.35457131180575346,0.3523620927493975,0.34986038902987165,0.34703356165166904,0.34387206801667997,0.3403813035521209,0.3365757930867666,0.3324751984844269,0.3281016755315464,0.32347819659414995,0.31862753984832237,0.3135717217307665,0.3083317124737997,0.30292732428635805,0.2973771989421958,0.29169884817131614,0.2859087185381605,0.28002226451492324,0.5138366272426078,0.46292812954126017,0.42033763653270584,0.3870303200592882,0.36237105754639504,0.34494899120251676,0.33310326127537326,0.32523578752523263,0.31997255565526844,0.3162241843740465,0.31318505817585884,0.3102995260461183,0.3072144475891132,0.30373006855537693,0.2997558242822429,0.2952739812378807,0.29031170789657496,0.28492086884790224,0.27916424312372096,0.27310671952214577,0.2668101236082273,0.26033054911919923,0.25371731641514916,0.24701291518481674,0.24025348588472908,0.2334695481201711,0.2266867968594719,0.21992686552792362,0.21320800632538162,0.20654566978785546,0.1999529837321453
3.2397674240144743,0.5169146432503149,0.475536036207171,0.4430771292051577,0.41840238092478055,0.40017546129895615,0.3870603663213868,0.37783217077460574,0.37143334754282414,0.3669929513021071,0.3638221302432722,0.3613960284353607,0.35932925165987356,0.35734971614026395,0.35527386590451826,0.35298488350193874,0.3504145643748118,0.3475289022688313,0.3443170661577333,0.34078326849160884,0.33694097034005405,0.3328088930382483,0.32840837215409013,0.32376167267950146,0.3188909681597211,0.3138177618460037,0.3085625907595169,0.3031449029021189,0.2975830347741188,0.29189424279062887,0.28609476033091835,0.28019986408869835,0.5169146432503149,0.46600005730423294,0.423345019835649,0.38991671167121417,0.3650896195003261,0.34746598750693874,0.33539871772403534,0.32730234465588687,0.3218133286194069,0.31785023059915285,0.31461286210488876,0.31154875131676424,0.30830608436560336,0.3046850157486158,0.3005938884927376,0.29601324052028594,0.2909681728100698,0.2855083702107452,0.27969448082761517,0.2735894160907166,0.26725323729002787,0.2607405124177275,0.25409927600166105,0.2473709575621104,0.24059083979876297,0.23378875962397286,0.2269898763363908,0.220215408157424,0.21348328871195177,0.20680872603424905,0.20020466434160186
3.3379421944391554,0.5219717845973999,0.4802621249089362,0.4474326699348914,0.42236537935584817,0.4037401315082359,0.39023457921603716,0.3806344185435954,0.3738896678065246,0.36913409897806887,0.3656811611670281,0.3630063650980224,0.36072323504385145,0.35855760450767904,0.35632321699485087,0.3539002463983561,0.3512174071250931,0.34823770760992057,0.34494753750340407,0.34134859954149627,0.3374521427486111,0.33327497661770444,0.32883681058103503,0.32415854446996933,0.31926121781689687,0.31416539975576124,0.3088908628458724,0.3034564325223835,0.29787994007391205,0.29217823296771867,0.286367214155251,0.28046189372661895,0.5219717845973999,0.47125633545875006,0.4286027290694027,0.39500368137507885,0.3698726253625253,0.35185436047551155,0.33934177591531833,0.33078334469154397,0.3248419298333308,0.320454835792191,0.3168336771713131,0.313432003847777,0.3098995525535266,0.30603482834023127,0.3017424447633617,0.2969980464126421,0.2918213775079124,0.2862568015036803,0.28036000602591044,0.2741894895130081,0.2678015297767252,0.26124754945896955,0.2545730371377184,0.24781741015273503,0.24101439529002125,0.23419265074941772,0.22737646016236657,0.22058640343933802,0.21383995750852258,0.20715200963210526,0.2005352828195217
3.436116964863836,0.5289513744106945,0.48680932260442916,0.45347603573636347,0.42786282047804597,0.408676353592275,0.3946166730779453,0.3844867910737067,0.3772489990619488,0.37204476139981013,0.36819134213567734,0.36516498810503334,0.3625776724558967,0.36015210951657606,0.3576979664825321,0.3550908727557885,0.3522548988455454,0.3491485700019776,0.3457541215875792,0.3420695257143806,0.3381027638197274,0.33386784093043054,0.3293820994200929,0.3246644686294453,0.3197343661903756,0.31461103843385335,0.3093131868803593,0.3038587746666344,0.2982649418350905,0.29254798355467887,0.28672336265377274,0.2808057393038683,0.5289513744106945,0.47858928791006056,0.4359745112052738,0.402143248017081,0.3765723860168368,0.3579747295453389,0.34480619108094707,0.33556807222374735,0.32896379942898185,0.3239590158795091,0.31978276234585373,0.3158970491835869,0.31195324026483995,0.3077466622364749,0.3031757034456055,0.2982081539376325,0.2928553408446442,0.287153393463347,0.2811504221053419,0.2748982641804732,0.2684475535509991,0.26184507762771253,0.25513262171509526,0.24834671810785028,0.24151889878283625,0.23467619033439632,0.22784169117205785,0.22103514054861328,0.21427343415204125,0.20757106860850563,0.20094051291219972
3.5342917352885173,0.5377652567510377,0.49505264921939957,0.4610653870527351,0.43474977478315696,0.41484509470568787,0.40007891119320355,0.38927563496580175,0.38141272482285266,0.37564108708006,0.3712825520495288,0.3678140513262565,0.3648453600763019,0.3620950253687867,0.3593673561549458,0.3565320558964018,0.35350717086696776,0.35024543363529936,0.346723730134665,0.34293524376937395,0.33888377455670415,0.3345797499103753,0.33003750230446544,0.32527346394200934,0.32030500451472627,0.31514970660724556,0.30982493038722203,0.304347564114172,0.2987338906296886,0.29299952414375857,0.28715938831727517,0.2812277177501534,0.5377652567510377,0.48783420096562785,0.44525344396131983,0.41111193891329184,0.38496704384475927,0.36561883767723974,0.3516043987640957,0.3414930395299594,0.3340402414606642,0.3282477820961103,0.3233666481584297,0.31886917859769875,0.31440825710360243,0.3097745825309692,0.3048580658187519,0.2996160123968783,0.29404863519931185,0.2881812741030992,0.2820521735669311,0.2757045484808405,0.2691817684235216,0.2625246900656207,0.2557703905925171,0.24895176051561538,0.24209758399450979,0.23523286474081653,0.22837924913474808,0.22155546194100753,0.21477771116586633,0.208060043655278,0.2014146472513123
3.6324665057131984,0.5482904662215329,0.5048252185544306,0.4700146853361142,0.44283804390560627,0.42206699903177786,0.40645730180448075,0.3948555918695488,0.386255117178869,0.379816466915284,0.3748658601166574,0.3708803598834654,0.3674666975246634,0.3643382104537693,0.3612927023089356,0.35819277692184476,0.35494931626529613,0.3515081958889856,0.347839989510857,0.3439322430675979,0.3397838427980709,0.3354010178851203,0.3307945729554555,0.3259780163923294,0.32096632232474454,0.3157751290621312,0.3104202309032555,0.30491726287026893,0.29928150988957797,0.29352779496001846,0.28767041682235345,0.2817231183648358,0.5482904662215329,0.49877353661036633,0.4561706161727827,0.4216217003309399,0.3947721559625655,0.3745207832082049,0.35949777692196516,0.3483509586138984,0.3398959951966118,0.33317634007683483,0.32746807718354437,0.32225504945941535,0.3171913493786355,0.3120617260631015,0.30674569244220123,0.30118787780082423,0.2953751588585913,0.28931999483692344,0.2830488994603435,0.2765948715557439,0.26999270300477757,0.2632762714905794,0.2564771342357019,0.24962392940871644,0.24274224777541864,0.23585475538205056,0.22898143235219467,0.22213984978796023,0.21534544320538737,0.2086117630059868,0.20195069502831978
3.730641276137879,0.5603641291016365,0.5159195596138241,0.48009882961456823,0.45190327405966474,0.4301302286803175,0.41355935839346386,0.40105679290905477,0.3916297094971328,0.3844469863668701,0.3788380610586402,0.37427905387051613,0.3703726185924465,0.3668258766487075,0.3634291551501392,0.3600370377643591,0.35655238788221744,0.3529134477217113,0.3490837869681149,0.3450447082746461,0.3407896616889638,0.3363202336302667,0.3316433269215537,0.32676921462013775,0.32171021800816174,0.3164798202126613,0.3110920779603224,0.3055612341708005,0.2999014643011607,0.29412671117048467,0.2882505782208225,0.28228626148606456,0.5603641291016365,0.5111415334518304,0.46840550440039735,0.43333319520503655,0.40565492412902104,0.38437087208968096,0.3682093273551055,0.35590183821960014,0.34632860107105135,0.33857775548064417,0.3319521085185967,0.32594742513748903,0.3202184932760142,0.31454296290560646,0.3087884304904211,0.3028851783059775,0.2968050836855161,0.29054617678904887,0.28412186938999784,0.277553778081003,0.2708671590725324,0.26408814832142274,0.2572421934037131,0.2503532372637061,0.24344335443446843,0.23653264548896002,0.22963926949669192,0.222779543592264,0.21596806999566384,0.20921786961317476,0.2025405120604753
3.8288160465625602,0.5737763045137099,0.5280879422713429,0.4910584908572146,0.46169219385280297,0.4387986686760956,0.42117233717429087,0.40769256132301085,0.39737615827261,0.38939732009917777,0.383086593620989,0.37791761354384096,0.37348778482167616,0.3694970892236554,0.3657276242807385,0.3620253237086766,0.358284496577114,0.3544352915432086,0.3504338770887015,0.3462549694297255,0.3418862861931467,0.33732451582797846,0.3325724400950851,0.3276369089874718,0.32252743084065155,0.31725519773118344,0.3118324141779904,0.30627183494282445,0.30058644617661046,0.2947892447847224,0.28889308537394826,0.28291057406602166,0.5737763045137099,0.5246282635871191,0.4815967750835905,0.44587009021057306,0.41724968751942887,0.394830808284083,0.37743764359337617,0.36388524188249605,0.3531187668420919,0.3442714497933568,0.3366728899892804,0.329830437417271,0.32339888710054127,0.31714785626783554,0.31093196042975785,0.3046660390215243,0.2983059182388314,0.2918342415470583,0.28525048293440347,0.2785641728394084,0.27179045739252405,0.26494727551146685,0.25805361411384015,0.25112845773007,0.24419017297807888,0.23725615977707223,0.23034266437707815,0.22346469064932342,0.21663597185368144,0.20986898045127222,0.2031749623360352
3.9269908169872414,0.5882609552099431,0.5410413492013019,0.502603976232174,0.4719291643810118,0.4478196503571594,0.42907114222097165,0.4145668898833015,0.40332695604638835,0.39452653152480205,0.38749440161641413,0.3816998330376866,0.3767337653166322,0.37228826482959004,0.3681367100249493,0.3641160766744238,0.36011192324046104,0.35604617458066007,0.35186750464628513,0.347543968861705,0.3430574866047918,0.3383997855396574,0.3335694642026345,0.32856988756876904,0.32340768990068064,0.3180917130232691,0.3126322531659055,0.30704052502629703,0.3013282785121288,0.29550752313122725,0.28959032880792623,0.28358868146319144,0.5882609552099431,0.5388825147046352,0.4953524167049604,0.45883302441773716,0.42917332973779615,0.40554894194731883,0.3868710159263348,0.37203271836637297,0.3600409128437259,0.35007186503707405,0.3414805804915359,0.33378497732479673,0.32663905076566696,0.3198037110294501,0.3131200161104943,0.3064868685439985,0.2998436241405451,0.29315718934190693,0.2864128127051872,0.27960770658193,0.27274672339668643,0.26583946232200756,0.2588983408466423,0.25193730392236235,0.24497095114489853,0.23801394000084575,0.23108057553263173,0.2241845301428854,0.21733865754660878,0.21055487678521256,0.20384410911470754
4.025165587411922,0.6034859310209828,0.5544472816045415,0.5144178825306364,0.4823215622874438,0.45693060536895813,0.4370252873557788,0.42148111187189014,0.4093134731975014,0.3996933273776921,0.3919443626175931,0.38552945885573714,0.38003196266364325,0.3751354819456029,0.3706045000445101,0.36626707490635885,0.36200016851980554,0.3577176832819801,0.35336100552168026,0.34889171832193333,0.344286100798523,0.33953104327545697,0.33462105084895444,0.3295560633238492,0.3243398758870079,0.3189789957116945,0.31348181212883136,0.3078579915132046,0.3021180333834194,0.29627294274949667,0.2903339869545016,0.2843125145034016,0.6034859310209828,0.5535134026831382,0.5092585169263018,0.47181226331986204,0.4410394857825785,0.4161744697369367,0.3962006534220794,0.380079510562035,0.3668731442003,0.3557966860259678,0.34622794078868385,0.3376938459446603,0.32984675897868876,0.32243851399211626,0.31529654128964674,0.3083039156411443,0.3013837274276766,0.29448738999940466,0.2875861724621051,0.2806651949961696,0.27371921081311984,0.2667496385058825,0.25976245088320343,0.2527666473412871,0.24577312873854637,0.23879385795147734,0.23184123112089985,0.22492761025649688,0.21806498287552825,0.21126472293954748,0.20453743241607455
4.123340357836604,0.6190436178838977,0.5679272371847706,0.5261568422300256,0.49256396642493855,0.46586443040908576,0.4448046015574216,0.4282394224997002,0.41517099480035125,0.4047604648304024,0.3963230234609127,0.3893132766393465,0.38330611085185645,0.3779764675579444,0.3730801272735384,0.3684366415258391,0.36391488365811037,0.3594212582844323,0.3548903572838576,0.3502777267625885,0.3455543719141791,0.3407026416951,0.3357131780706529,0.3305826683205513,0.3253121929172965,0.3199060099497187,0.31437065743159315,0.308714286706773,0.30294616431355653,0.29707629740126495,0.2911151505165637,0.2850734305692004,0.6190436178838977,0.5680912830712224,0.5228865609455764,0.4843985093351269,0.45247081763484925,0.42636979062519975,0.4051322484471623,0.3877748413362354,0.3734060463520184,0.3612741216779307,0.3507761955534512,0.34144635899195536,0.3329345794904981,0.3249836006975035,0.3174076674553239,0.3100747190072724,0.30289237574318534,0.295797357251885,0.288747694208319,0.2817170632257849,0.27469066071616455,0.26766216095730333,0.2606314307984005,0.2536027784027665,0.2465835906138852,0.23958326535205657,0.23261237756976394,0.22568203582626323,0.21880339667166152,0.21198730955345044,0.20524406832424483
4.221515128261284,0.6344445764725507,0.5810553117598732,0.5374532106155313,0.5023415923932634,0.47435374640912203,0.4521837023307556,0.43465318555744165,0.4207426438824135,0.4095981883422082,0.40052352303099564,0.3929635392931692,0.38648425488988547,0.3807521870814021,0.3755150322878367,0.3705846390105165,0.36582265098529715,0.36112880752619164,0.35643166386334757,0.3516813881914704,0.3468442644304514,0.3418985492767961,0.33683137627282944,0.3316364528138092,0.3263123486350447,0.320861221141115,0.31528786178729834,0.30959897835736977,0.3038026512169802,0.2979079187371657,0.29192445943000184,0.28586234713706377,0.6344445764725507,0.5821491755664524,0.5357997215578378,0.49619186801691023,0.4631090831590246,0.4358206045750082,0.4133954252592658,0.3948903295266737,0.3794499013905656,0.3663489026091964,0.35499988758962314,0.3449421866676312,0.33582285150089725,0.32737592872228133,0.3194034286860226,0.3117593932796488,0.30433730474489246,0.2970604839917304,0.2898749013391751,0.2827438089527935,0.27564369238098513,0.26856115881735093,0.26149049355424486,0.2544317067793393,0.24738895691388063,0.24036927748915127,0.2333815580628854,0.2264357419031916,0.2195422089823338,0.21271131563287007,0.2059530640779641
4.319689898685965,0.6491168872884936,0.593359800609817,0.5479179637066682,0.5113338146324291,0.48213459234220996,0.4589455729439303,0.44054422519882225,0.4258823030103362,0.41408675328685124,0.40444772672309787,0.396399742709618,0.3895002093076056,0.38340803109411387,0.3778639230825323,0.3726732434599558,0.36769160934969786,0.3628132142435348,0.3579615722882987,0.3530823284742662,0.34813775806891956,0.34310260467945114,0.33796095333340176,0.33270388886745456,0.32732774211285404,0.3218327723060161,0.3162221720416635,0.3105013108909744,0.30467715640590304,0.2987578279105214,0.29275225055792825,0.28666988578229385,0.6491168872884936,0.5951863909556883,0.5475591101968795,0.5068094520813508,0.4726231657454725,0.4442437310973563,0.42075094594483,0.40122636362303404,0.3848401437603519,0.37088682602135425,0.3587905785054449,0.3480943101169678,0.3384420120276704,0.32955988877282144,0.3212391643260232,0.31332171728436553,0.3056886909216091,0.29825172348431356,0.29094626796985307,0.28372647721589456,0.2765612206909824,0.26943091237121575,0.26232493150690134,0.25523949651253885,0.24817590501697728,0.24113908452275004,0.2341364143355189,0.2271767863269948,0.22026987427672348,0.2134255820599148,0.20665364152915755
4.417864669110647,0.6624138873468571,0.6043297856575562,0.5571462666632564,0.5192188424159859,0.4889503282763528,0.4648848033284046,0.4457475055176882,0.4304568226757622,0.4181182423407324,0.4080077193102259,0.39954985346720345,0.39229456977932703,0.3858946517469937,0.3800854699861583,0.374667525661015,0.36949194390249485,0.3644487538401508,0.3594576315519302,0.3544607182842192,0.3494171245848796,0.3442987652161475,0.33908722101370925,0.33377137963465575,0.32834565983809694,0.3228086696977021,0.3171621866006041,0.31141037622334716,0.30555918988553293,0.29961589607640193,0.29358871383625096,0.2874865242109383,0.6624138873468571,0.606676224266292,0.5577312476738359,0.5158924457917236,0.48071558030989786,0.4513929533467372,0.4269958405445175,0.4066165120593306,0.3894410816788823,0.37477784533773173,0.3620593795396571,0.35083107352356363,0.34073424955629994,0.3314886354438466,0.32287659451477463,0.3147300124532185,0.30691988098968914,0.2993482081793875,0.29194175685836377,0.28464713962784643,0.27742689265185455,0.270256257984753,0.2631204971971631,0.25601262740487996,0.24893151441296701,0.24188028149866944,0.2348650027143334,0.22789365225169014,0.22097528070275416,0.21411938775088632,0.20733546037516418
4.516039439535327,0.6736324468900627,0.6134284139038993,0.5647270616081861,0.5256806125750974,0.49455658145798004,0.46981114557415116,0.45011370335587814,0.434347906590403,0.4215979737484325,0.4111268839264503,0.4023511605322964,0.39481540678272536,0.38816854463780154,0.38214280626543856,0.3765358904469218,0.3711962774521395,0.3660114462368278,0.36089861239196624,0.3557975652288283,0.35066519626023185,0.3454713551642445,0.34019572612059235,0.3348254760500707,0.32935348026395667,0.3237769771908693,0.3180965412851328,0.31231529237624395,0.30643828172157433,0.3004720112322234,0.2944240540861463,0.28830275336564876,0.6736324468900627,0.6160793700566976,0.5658980164039877,0.5231135801459094,0.4871281632707159,0.45706340838610143,0.4319668398221141,0.41093024182614507,0.39314807682059033,0.3779378391046006,0.36473840496886173,0.35309739400499024,0.34265452550541203,0.33312496275515674,0.324284582679478,0.3159578176349369,0.3080079984112747,0.30032980255155967,0.29284332938858076,0.28548936934343844,0.2782255329038641,0.27102300802192536,0.2638638003181027,0.25673837085172463,0.24964362267883958,0.24258120542832107,0.23555611309002514,0.22857554972382113,0.22164803496211913,0.21478271852453265,0.20798887173065106
4.614214209960009,0.6820428995669507,0.6201138937693228,0.5702575966755745,0.5304187081562701,0.49872793178918756,0.4735539725233151,0.45351216335326594,0.43745407373550943,0.4244458233514819,0.4137408223695466,0.4047509502692575,0.39701879462180106,0.39019249233780623,0.38400392112765047,0.3782504380440317,0.37278000940829265,0.36747937635382977,0.36226481066610255,0.3570750005012671,0.3518656361025734,0.3466053200524568,0.34127248978442953,0.3358531023002213,0.33033888685190327,0.32472601832142717,0.3190141017292644,0.31320538745329546,0.3073041586274583,0.3013162482510633,0.29524865513708615,0.28910923611312433,0.6820428995669507,0.6228641126849656,0.5716700480084975,0.5281858546498421,0.4916476586062712,0.461095115578982,0.435542591732206,0.4140743279438574,0.3958884799715174,0.38030928571848815,0.36678131635809647,0.35485525079925634,0.3441710482013584,0.33444178074868264,0.32543961973587016,0.3169843790261245,0.3089344340890311,0.3011795887298026,0.2936354206563436,0.28623870105100724,0.2789435851832721,0.27171837143281646,0.26454270604919844,0.25740516533485114,0.2503011781645877,0.24323126566052503,0.23619957779268508,0.22921270409024674,0.22227873140187057,0.21540651808381014,0.20860515221168283
4.71238898038469,0.6869303054501696,0.6238682256348699,0.5733631174596076,0.5331616347425094,0.5012667138857093,0.4759680191765967,0.45583459097935325,0.43969301429887425,0.42659773254869676,0.41579834310632746,0.4067071879998778,0.39886932050351803,0.3919359811804384,0.38564202926102503,0.37978730938445066,0.3742216468604502,0.36883301387539297,0.3635383553990848,0.358276573703296,0.35300321801841883,0.3476864913620077,0.34230425659260816,0.3368417899358059,0.331290088171255,0.3256445836492557,0.3199041593776463,0.31407038560778705,0.30814692111695313,0.30213903826508165,0.29605324230237084,0.28989696349523975,0.6869303054501696,0.6265334065987588,0.5747039148660693,0.5308729996387567,0.4941117328378504,0.4633761596441004,0.4376451295330403,0.4159933571274362,0.39762165639058344,0.38186111022460406,0.3681631626688531,0.35608360583575793,0.34526530746625816,0.3354222658981462,0.3263260752104476,0.31779497962915965,0.3096852304235455,0.3018842833636808,0.29430537087009495,0.28688306261935587,0.27956953374767896,0.2723313578162637,0.26514671732450945,0.2580029745532054,0.250894573175604,0.24382125236944416,0.23678655633476384,0.2297966183616833,0.22285919357771797,0.21598291043173293,0.20917670883870168
4.81056375080937,0.6876450732023,0.6242324730651219,0.5737210637730449,0.5336831535107783,0.5020138605137733,0.4769404653072627,0.45699961238188597,0.4410044971024715,0.4280075624892225,0.4172626649260649,0.408189334184798,0.4003406792852801,0.393375674925466,0.3870359806855915,0.38112706225121284,0.3755031608861103,0.37005555457730416,0.3647035355704756,0.35938756386098275,0.3540641206565848,0.34870186233050066,0.3432787522387694,0.3377799179554985,0.3321960415416781,0.3265221394144419,0.3207566267537445,0.3149005905164993,0.30895721666823833,0.302931332834575,0.29682903867256105,0.2906574040672818,0.6876450732023,0.6266578155966043,0.5747227181392799,0.5310016619377117,0.49441562610531137,0.4638458458284999,0.4382409442020941,0.4166696670547174,0.39833840502591283,0.3825879581004498,0.3688797191216387,0.35677790939971993,0.34593178021397786,0.33605975957049955,0.3269362606725613,0.3183811315446904,0.3102513658422238,0.302434581503831,0.29484380136920757,0.28741316217660356,0.28009428618318605,0.2728531455489129,0.2656673218336259,0.2585236098527612,0.25141594055414934,0.2443436074855053,0.2373097818251102,0.23032029678010602,0.22338267689990696,0.21650538358688312,0.2096972457602403
4.908738521234052,0.6836593297086766,0.620846149300306,0.571088192151091,0.5318206819528165,0.5008612005271694,0.4763990382345426,0.4569580490797249,0.4413537786035833,0.42864930153018266,0.41811287095957445,0.40917933955075875,0.401416397426367,0.3944959827444506,0.38817074019235537,0.38225509921504514,0.3766103815890742,0.3711332905784111,0.3657471482639571,0.3603953058076887,0.3550362317368429,0.34963987017097137,0.3441849441330122,0.3386569528860018,0.33304667411732886,0.32734903144185584,0.32156222611330226,0.31568706068241964,0.3097264034488873,0.3036847576799921,0.29756791022084844,0.2913826415228396,0.6836593297086766,0.6229120978994476,0.571538823186581,0.5284747058498908,0.4925192377663375,0.4624978660349186,0.43734182660848936,0.41612293850197624,0.39805999422335386,0.3825090976506503,0.36894649271685953,0.35694932122644324,0.3461774013453996,0.33635747720533593,0.3272703421640963,0.3187406476155927,0.3106289414924708,0.3028254189369185,0.29524492014518644,0.287822811792729,0.28051149713423923,0.273277393339811,0.2660982838811482,0.2589609984159453,0.25185939675280467,0.24479264290223957,0.2377637556117614,0.2307784177826755,0.2238440220590376,0.21696892565319728,0.21016188505935407
5.006913291658733,0.6746240534757737,0.6134872334076152,0.5653282267909341,0.5274941433928504,0.49776414005421593,0.47432044266998297,0.45569847015697634,0.44073524496633626,0.42851946581973627,0.41834552014135323,0.409672766198038,0.402090655642992,0.3952897027082198,0.3890379229414167,0.3831621359131527,0.3775334207866196,0.3720559982106309,0.3666588566116533,0.3612895203072954,0.35590945144508285,0.3504906737370632,0.3450132946276183,0.3394636792386328,0.33383309255638166,0.32811667618823565,0.3223126640799273,0.3164217698008697,0.3104466984003421,0.30439175026507387,0.29826249443372993,0.2920654956842737,0.6746240534757737,0.6151121954423201,0.565076728240818,0.5232844565698703,0.4884540308205876,0.45938321318192593,0.4350054266626909,0.4144095005141865,0.3968369239476552,0.38166707213887524,0.36839750484445277,0.3566237363254993,0.3460208649119494,0.33632806991984393,0.32733612336378154,0.3188775983487324,0.3108192644063857,0.30305613942106685,0.29550673855782655,0.2881091671126492,0.2808178117126811,0.2736004745728728,0.2664358618218579,0.2593113796961472,0.25222121582375195,0.2451646923315228,0.23814487838442713,0.23116744630524064,0.2242397507152183,0.2173701060900519,0.21056723567971278
5.105088062083414,0.6604211090502699,0.6021086202988292,0.5564370681662484,0.5207231839145768,0.4927532832985298,0.4707381255018331,0.4532523452614036,0.43917582791641685,0.42763938152143993,0.4179762037754431,0.40967988803347355,0.4023691066984494,0.39575866531811243,0.389636329135492,0.3838446647655946,0.3782670857406616,0.37281731282248803,0.3674315313041341,0.3620626252352736,0.3566759751675428,0.35124640944447894,0.3457559918839963,0.3401924073086929,0.3345477699340024,0.32881772905411355,0.3230007836413406,0.3170977446338849,0.31111130302398354,0.30504567532424304,0.29890630718283856,0.2926996220922572,0.6604211090502699,0.6032486866930346,0.5553934988464746,0.5155242773182276,0.4823287982155657,0.4546123155670396,0.4313352715347744,0.4116212515245819,0.3947474050145696,0.3801261327882579,0.36728389436861536,0.35584065549311417,0.3454917847243901,0.335993054748638,0.3271487034869804,0.3188021481124028,0.31082881382609745,0.3031305488177744,0.29563117879243334,0.2882728617914255,0.2810130080067604,0.27382161525557414,0.2666789337639313,0.25957341487450597,0.25249992121363224,0.2454581857171099,0.23845150850561944,0.23148567785972093,0.22456809734791547,0.21770709734700078,0.2109114067210578
5.203262832508095,0.6412040996975711,0.5868665822518788,0.5445623667767984,0.5116404661489026,0.485943357791445,0.46574821226275676,0.44969797205265016,0.43673760667136824,0.4260569289020284,0.41704074500190497,0.40922655042869094,0.4022695255783608,0.3959142545657335,0.3899723837368301,0.3843053405491716,0.37881122532183165,0.37341504310892976,0.36806153685510967,0.36270999575888224,0.35733052892023975,0.3519014032183707,0.34640713978681265,0.34083714273889854,0.3351846968299095,0.3294462189778722,0.3236206842523322,0.3177091725655117,0.31171450021390146,0.30564091263705834,0.299493822921576,0.29327958591249215,0.6412040996975711,0.5875125251244632,0.5426939642735585,0.5053966482925107,0.47433313149535233,0.4483556849983381,0.42647983297984604,0.40788397273671734,0.3918954429453286,0.3779704021389115,0.3656723213461163,0.3546518927605402,0.3446297086188097,0.33538210498411375,0.3267299971882161,0.3185302540096299,0.3106690713719622,0.30305683545833895,0.2956240513191513,0.2883180169214384,0.2811000205089195,0.27394291943602206,0.2668290176247147,0.2597481976500959,0.25269628578762143,0.2456736385590055,0.23868394163488973,0.2317332099369737,0.22482897408859123,0.2179796347565011,0.21119396389056722
5.301437602932776,0.6174224727019824,0.5681371439476831,0.5300144572287651,0.500498843117461,0.47753784046351894,0.4595124445438657,0.4451623217668801,0.4335189671700119,0.4238472839003345,0.41559569555806536,0.4083545294968631,0.40182209500227173,0.39577765528967596,0.39006036386359416,0.3845531957759947,0.3791709357078763,0.373851366755989,0.36854891581642685,0.36323013568221163,0.3578705267687077,0.35245231348068473,0.34696288654003976,0.34139370123432716,0.33573948303083223,0.32999763824091155,0.3241678009998418,0.31825147144173593,0.3122517160740072,0.3061729120647719,0.30002052408701896,0.2938009067313991,0.6174224727019824,0.5683091783716449,0.5273380119767053,0.4932159555240272,0.46473741120014694,0.44084231787769906,0.4206301645065362,0.40335473829841845,0.38840834719252665,0.3753016592627498,0.36364310401364514,0.35312007502817605,0.3434829532656367,0.33453217310395195,0.3261080916100974,0.31808320409377605,0.3103561930661098,0.3028473363460043,0.29549488389105427,0.2882521092098634,0.28108483060129114,0.27396927063023857,0.2668901763902953,0.2598391593475046,0.2528132349731817,0.24581355269815078,0.2388443096074453,0.23191183987508665,0.2250238686440222,0.21818891557496636,0.21141583062299119
5.399612373357457,0.5898245434581227,0.546517138842168,0.5132662446980011,0.487670617607397,0.4678279448188078,0.4522571150472751,0.43982004823534576,0.42965374788869587,0.42111222292040634,0.4137177972307986,0.4071211345530274,0.4010691272857481,0.3953796714991009,0.389922291958632,0.3846035897488913,0.3793565495112623,0.37413284694691634,0.3688974227992783,0.3636247215418376,0.3582961195544912,0.3528981806604869,0.34742147236426774,0.3418597528117601,0.33620939742238337,0.33046897762846483,0.32463893504606656,0.3187213155744768,0.31271954193545115,0.3066382121306183,0.3004829168354391,0.29426007203831084,0.5898245434581227,0.5462580993021947,0.509837835924866,0.47940451129717393,0.453888312887712,0.4323551726365833,0.41401565784791544,0.3982181240316411,0.38443346821839874,0.37223661469862274,0.36128799865202743,0.35131686984721827,0.3421072121193789,0.3334864095963768,0.3253164111280717,0.31748697075408355,0.3099105032387509,0.302518132817467,0.2952565889227781,0.28808568767390563,0.28097621651598603,0.27390810404080396,0.2668688054271165,0.2598518669577215,0.2528556531167593,0.24588222986137734,0.23893640082985967,0.2320248922051973,0.22515567888907828,0.21833744116440967,0.21157913814851695
5.497787143782138,0.5594369312382461,0.5228080374166285,0.49494058373344857,0.4736377648438917,0.45718510141931396,0.44426732495338395,0.43388913153666536,0.4253079558190365,0.4179776614065566,0.41150214647194766,0.4055978456752572,0.40006405681882584,0.39475998364618836,0.3895873896387392,0.38447780773879114,0.37938334200668833,0.37427021716820996,0.36911436673020387,0.3638984866477763,0.35861010910683405,0.35324036297034866,0.3477831804761078,0.3422347833038868,0.3365933366165521,0.3308586997513006,0.3250322299576746,0.31911661395831287,0.31311571376567776,0.3070344202413174,0.3008785119191211,0.2946545187539162,0.5594369312382461,0.5221757195865371,0.49084384319300184,0.4644808845453258,0.44219917654022983,0.42322326332464205,0.40689759423010874,0.3926809853909674,0.3801339995127047,0.3689035584469959,0.358707537956285,0.3493208797016354,0.3405638910892564,0.3322928440974614,0.32439266506235015,0.3167713613564014,0.3093557977783172,0.3020884674478822,0.2949249645494741,0.28783193702013604,0.28078536326134823,0.273769051920388,0.2667733056630232,0.2597937190505232,0.2528300988210726,0.24588550431884285,0.2389654089274147,0.23207698242732877,0.2252284911682807,0.21842880933772046,0.21168703143552625
5.595961914206819,0.5275201218177685,0.497982270944019,0.47578488190529167,0.458972862283536,0.4460466899895125,0.4358763394208974,0.42762295199101114,0.42067386969979115,0.4145892652286496,0.4090589228301107,0.4038678676256446,0.39886960346446537,0.39396576229537256,0.3890910247480117,0.38420225578115347,0.37927091091938836,0.37427789989104393,0.36921023439052897,0.36405892417325464,0.3588177119085503,0.35348234630207864,0.34805018228745316,0.3425199665043765,0.3368917176403862,0.3311666473896378,0.32534709199961726,0.31943643973787456,0.3134390487632017,0.30736015493136665,0.30120577154063155,0.29498258398369753,0.5275201218177685,0.4970417180899415,0.4711190033538271,0.4490403541784427,0.4301350778278814,0.4138102310531364,0.39956037344094036,0.3869657071762888,0.3756837648494454,0.3654383173193058,0.35600787838537756,0.34721516562319393,0.3389181453437326,0.3310028111438332,0.3233775679888602,0.31596896169346594,0.30871845696608785,0.3015799860636361,0.2945180359577689,0.2875060962847998,0.28052534247207195,0.27356347293488387,0.26661365400752457,0.2596735511482597,0.25274444084640724,0.24583040606246623,0.23893762075383984,0.23207372794239145,0.22524731258890338,0.2184674666698109,0.2117434403091597
5.6941366846315,0.49550223968606005,0.4731335308286401,0.4566339591634588,0.44431142780109817,0.43489548671174055,0.42745033671529514,0.4212989738568396,0.4159616318266514,0.41110618557023787,0.4065087005261008,0.40202260126933725,0.3975550985492729,0.3930496259205132,0.3884731386982165,0.38380723932770316,0.37904221998878035,0.3741732515574576,0.3691980897893388,0.36411580571269514,0.358926170195355,0.35362942747694803,0.34822627705162706,0.34271794794811156,0.33710629627177635,0.33139388889828064,0.3255840567771995,0.3196809135714604,0.31368934197789305,0.3076149531104296,0.3014640252568391,0.29524342812173293,0.49550223968606005,0.47195000003947674,0.4515026086203357,0.4337281207439163,0.41819300525087016,0.4044996403712595,0.3923005646508276,0.3813020039331672,0.37126103099963786,0.36197954072026556,0.3532971657023811,0.34508440629480724,0.33723662411208877,0.32966912987480584,0.3223133449745074,0.31511388737065027,0.3080263852788281,0.3010158238361114,0.29405525689464,0.28712475299860807,0.2802104823392229,0.2733038852231542,0.2664008899999365,0.25950116867562306,0.25260743172086003,0.2457247706332856,0.23886005886285333,0.23202142022446645,0.22521777040370736,0.2184584329263413,0.21175282699696285
5.792311455056181,0.46489535810416616,0.4494142016260458,0.43836344617483,0.43031730242278177,0.42423398925086503,0.41936937060475915,0.41520461284202687,0.4113887286845747,0.40769319579284896,0.40397653725249216,0.4001571686432987,0.39619307013835736,0.39206701276823486,0.3877762059049954,0.383325365199003,0.3787223372124509,0.37397555874896266,0.3690927698733604,0.3640805325351096,0.3589442251887632,0.3536882835523851,0.34831653704736815,0.342832550108845,0.33723991973368067,0.33154250850882433,0.3257446093471999,0.31985104742626047,0.31386722901137815,0.30779914797039704,0.30165336025511463,0.2954369353415002,0.46489535810416616,0.4480474335412407,0.4328655584376788,0.4192067210900279,0.4068781156141989,0.39567764560634405,0.385414201506711,0.37591754578153425,0.36704152505818005,0.35866343407423334,0.3506815016323109,0.3430117544860352,0.3355849736027819,0.3283440815257548,0.3212420622242969,0.3142403816364305,0.3073078151796414,0.3004195710214779,0.29355660530769595,0.2867050450220528,0.2798556578000138,0.27300333127418724,0.2661465447230173,0.25928683147537596,0.2524282410770244,0.2455768157475602,0.2387400968435808,0.23192667501331168,0.22514579376649166,0.21840701151733857,0.2117199227474241
5.890486225480862,0.4372005486823333,0.4279644952793356,0.4218370665136819,0.4176435155815961,0.41455539018768245,0.41200582940258573,0.4096212173829456,0.4071680355505826,0.40451172256763385,0.40158520166336786,0.3983652596159832,0.39485528855254165,0.39107311954055096,0.38704284309106557,0.38278965893671485,0.3783369407592028,0.3737048440783288,0.368909924017998,0.3639653583275196,0.3588814844312,0.3536664537167129,0.3483268804745743,0.342868417681367,0.337296229590641,0.3316153550992405,0.32583096953879825,0.31994855907504127,0.31397402388391765,0.3079137256824184,0.3017744933580526,0.29556359819376615,0.4372005486823333,0.42646474367716086,0.4160602555044732,0.40611978825586625,0.3966775396586759,0.38771403017937506,0.37918300174971437,0.3710278713730559,0.36319097264504024,0.35561816104318095,0.34826067158749674,0.34107551187031526,0.3340251944398778,0.32707726528670794,0.3202038531494217,0.3133813221175724,0.30659003146981767,0.29981416992612686,0.29304162019764585,0.2862638129461517,0.2794755399455973,0.2726747098850551,0.26586204380429795,0.2590407185360867,0.25221597445761995,0.24539470782757944,0.23858506824437387,0.23179607910814734,0.22503729451589882,0.21831850090301655,0.21164946689842898
5.988660995905543,0.41380916964940584,0.4098388385832032,0.4078518978571428,0.40689164613243217,0.40631341381675634,0.4057020208815632,0.4048073650432044,0.40349531479944356,0.4017104343583784,0.3994480376698486,0.3967336778303537,0.3936085614494182,0.3901196308648511,0.3863132436270649,0.3822315358765144,0.37791070271507765,0.373380570193742,0.3686649686654942,0.363782541363608,0.3587477304832547,0.3535717725011634,0.3482636039537321,0.34283062935312847,0.337279336846608,0.3316157678952487,0.32584585811672256,0.3199756706595185,0.3140115436188374,0.3079601709831652,0.30182863368608076,0.29562439429791126,0.41380916964940584,0.4082449099659959,0.4018688887325341,0.39505480092249007,0.3880335772270887,0.380942892598231,0.373860392577757,0.3668262003315614,0.3598575873795764,0.3529582231021255,0.34612386105264803,0.339345796092033,0.3326129915737552,0.32591344597783783,0.31923513597337666,0.31256671968736977,0.3058980892944245,0.29922080779582966,0.29252843714792776,0.28581675413461133,0.279083850010379,0.27233011543756663,0.2655581201507374,0.2587724044792245,0.2519792054924736,0.24518614310997844,0.2384018909029387,0.231635853059899,0.22489786405977985,0.21819792205946845,0.21154596176741705
6.086835766330224,0.39590847701619325,0.3959355193115839,0.3970860629513145,0.3985729748240767,0.3998934584087523,0.4007486969619644,0.4009828268701295,0.40053718268562827,0.3994161539153385,0.39766204955146783,0.3953370347799689,0.39251062657152186,0.38925151189580615,0.38562265170650417,0.3816787965621437,0.3774656870141489,0.3730203514181057,0.36837204545285096,0.3635434976103107,0.35855222905923556,0.35341180162663893,0.34813291331669705,0.34272430782751134,0.33719349545334243,0.33154730086553924,0.3257922619910161,0.319934906682601,0.3139819326372629,0.30794031292898333,0.30181734580772096,0.2956206637905097,0.39590847701619325,0.3942748478998617,0.39095420470994774,0.3865077138403678,0.3813183108499965,0.3756443999514077,0.36965833844448087,0.3634738489536054,0.35716501483570195,0.3507791831812052,0.34434563465223356,0.3378814109292812,0.3313952839259409,0.3248905300580865,0.31836693699416035,0.31182230660481364,0.305253609517438,0.2986578783282006,0.2920328859221977,0.2853776337778664,0.27869266632811246,0.27198022676734057,0.265244273339473,0.2584903800476375,0.25172554960457066,0.2449579679295355,0.23819672818063373,0.23145154856016306,0.22473250280562662,0.218049776397181,0.21141345596307945
6.1850105367549055,0.3843994571377802,0.38693547187181626,0.39005322330593056,0.393074680897731,0.3955874680288336,0.39736633131420734,0.39831456298151097,0.3984205764430884,0.39772588180003826,0.3963018131974038,0.394233061555278,0.39160650939007285,0.38850415343729683,0.3849991059220536,0.38115382963481514,0.37701990831989934,0.37263879106767583,0.3680430780534453,0.36325803177658295,0.35830309901323426,0.3531933111885162,0.3479404939919328,0.3425542618584206,0.33704280194013697,0.3314134686774284,0.3256732174677294,0.3198289073323762,0.31388750039970514,0.30785618228766826,0.30174242327449624,0.295553996168249,0.3843994571377802,0.3852260342032756,0.3838167965028226,0.3808523228879348,0.3768116531369139,0.3720290321199981,0.36673597992637785,0.36109196978246194,0.35520625266355815,0.3491531180635879,0.34298246810725347,0.33672714412603755,0.33040805208430696,0.3240378149438808,0.31762343973527146,0.31116831516643,0.3046737376360123,0.2981400856586559,0.29156771367719775,0.28495760775551254,0.2783118315492709,0.27163378645976755,0.26492831092847835,0.25820164705768184,0.2514613055689271,0.24471586093798245,0.23797470679078137,0.23124779757090863,0.22454539689824435,0.21787784692081438,0.21125536720000812
