alpha,phi_max_cov,dphi_max_cov,visibility_cov,mean_cov,n_max_cov,n_min_cov,phi_max_N1,dphi_max_N1,visibility_N1,mean_N1,n_max_N1,n_min_N1
1.0,4.776816173475886,0.0,0.2886129409681002,0.5588914989881382,0.6879060779106753,0.37976297311386276,4.776816173475886,0.0,0.2886129409681002,0.5588914989881382,0.6879060779106753,0.37976297311386276
0.99,4.77221423111223,-0.004601942363656519,0.2395049365212574,0.5187720938280671,0.624519343865177,0.3831722359972265,4.764544327172802,-0.012271846303084644,0.2435771417885207,0.516971012314205,0.6270644242581361,0.3814205392983474
0.98,4.773748211900116,-0.003067961575770717,0.19456720783762788,0.48711867049136803,0.5739263071721902,0.38696781984992273,4.763010346384916,-0.013805827090970446,0.20345433712244085,0.4807083027723116,0.5751043273861248,0.3806516321814762
0.97,4.7829520966274295,0.00613592315154321,0.15499493048420707,0.4623950351584617,0.5337717911608225,0.39051242355352267,4.766078307960687,-0.010737865515198841,0.16833220550824543,0.4502790569778678,0.5312684963459751,0.37817916561394455
0.96,4.8013598660820564,0.024543692606170175,0.12127687726937311,0.44319827315003096,0.5020232754733576,0.39342598536563606,4.775282192688001,-0.0015339807878849143,0.15512302986557583,0.4252137577627488,0.49455906635184005,0.3617290580558137
0.95,4.824369577900342,0.04755340442445544,0.10716702306190107,0.42830705637720856,0.4769568988893734,0.3846238544288313,4.7860200582032,0.009203884727313927,0.147943210156429,0.4047433202818924,0.463899542619414,0.3443277956584071
0.94,4.85658317444594,0.07976700097005374,0.09785796692513242,0.4166931471054692,0.4571320044081361,0.3756387513362814,4.7998258852941715,0.02300971181828526,0.13721363366577943,0.38801297176813065,0.43824919065292667,0.3324928716634412
0.93,4.894932694143081,0.11811652066719436,0.0886808606190119,0.4075153980875378,0.44136334506660124,0.3694589280753128,4.815165693173028,0.03834951969714151,0.12416247534149853,0.37420732800735856,0.4166710595096649,0.3246293639599735
0.92,4.94095211777965,0.164135944303764,0.07995460217725771,0.4001030118251638,0.42869123458045555,0.36521479390664296,4.83203948183977,0.05522330836388356,0.11006471816906399,0.3626134841554976,0.3983612276625414,0.3193649033320491
0.91,4.994641445355648,0.21782527187976175,0.07191050534527582,0.3939332460967382,0.41834986938461044,0.3622187831258987,4.848913270506512,0.07209709703062561,0.09601038689033746,0.35264373329825016,0.38265120142506864,0.3156107968224995
0.9,5.057534657658959,0.28071848418307255,0.06468674654084632,0.38860731220778727,0.4097359084529869,0.35994758724978887,4.8703890015369105,0.09357282806102418,0.08280171022925349,0.34383423581298056,0.3689959688887891,0.31256181847500136
0.89,5.128097773901699,0.35128160042581236,0.05833964937558194,0.3838269775689854,0.4023787731551505,0.35801752002455434,4.89186473256731,0.11504855909142364,0.0709457472569057,0.33583118659482913,0.3569561289413025,0.30966238064352236
0.88,5.204796813295981,0.4279806398200945,0.05286176323771214,0.37937338642786955,0.39591429925337535,0.35615840977136476,4.917942405961366,0.14112623248547962,0.06069767791945544,0.32837207362405163,0.34617942903182725,0.306559680779092
0.87,5.289165756629691,0.5123495831538047,0.04820083793708784,0.37508885349611565,0.3900622525911045,0.3541887315213805,4.948622021719078,0.17180584824319212,0.052122602519234076,0.3212665841296246,0.33638395982656333,0.30305475011297306
0.86,5.376602661539172,0.5997864880632857,0.044277339670653934,0.37086184558123325,0.384608461971066,0.35199367878277726,4.9823695990525625,0.20555342557667622,0.045155492235550654,0.31437954498647314,0.32734412617150627,0.2990586026154396
0.85,5.46557354723654,0.6887573737606534,0.04099875132687735,0.36661501429430154,0.3793909327552875,0.3495070265779171,5.020719118749703,0.24390294527381684,0.03965075308651434,0.3076168520977025,0.31887951597357106,0.29455632298846846
0.84,5.553010452146021,0.7761942786701344,0.03827110575623738,0.36229594059025527,0.3742894408293975,0.34669651121013123,5.06060261923473,0.28378644575884415,0.035420301331207625,0.3009144863071873,0.3108462643463951,0.2895790198531705
0.83,5.632777453116074,0.8559612796401881,0.0360071193245369,0.3578701610396511,0.36921757024958113,0.3435527637811467,5.1035540812955285,0.3267379078196422,0.03226122530937072,0.2942302687150251,0.3031305521399933,0.2841830942660208
0.82,5.703340569358814,0.9265243958829279,0.034131223951175536,0.35331603132974665,0.36411622757963774,0.34008111052690176,5.148039524144211,0.3712233506683251,0.029976144124878736,0.2875378350366683,0.29564377043779083,0.2784350994936776
0.81,5.763165820086354,0.986349646610468,0.0325813423771944,0.3486210153023735,0.3589477408314491,0.33629577384427534,5.192524966992895,0.41570879351700896,0.02838716740195746,0.2808222961527729,0.28831864961527987,0.2724013958198788
0.8,5.81378718608658,1.0369710126106941,0.03130777487269777,0.3437790451698962,0.3536901314568225,0.3322159386307053,5.237010409841579,0.4601942363656928,0.02734353015164132,0.27407712087241154,0.28110593847844767,0.2661422413722688
0.79,5.853670686571607,1.0768545130957206,0.0302705057100271,0.33878866435363986,0.3483319700174905,0.3278632002546742,5.279961871902377,0.5031456984264908,0.02672297779899809,0.26730187551628226,0.27397127952302036,0.25970973365608824
0.78,5.887418263905091,1.1106020904292047,0.029436452575582146,0.333651728308884,0.3428684386635345,0.3232599810280361,5.324447314751061,0.5476311412751746,0.026428727981560565,0.2605005531563357,0.26689229201582565,0.25314828116778126
0.77,5.916563898874918,1.1397477253990314,0.028777381364117387,0.3283724950161765,0.3372987071512856,0.31842859257616585,5.367398776811858,0.5905826033359718,0.026384609678257422,0.2536803085475901,0.2598559020928813,0.24649600467302155
0.76,5.939573610693203,1.1627574372173166,0.028268607527743527,0.3229569831353457,0.3316243954939081,0.31339071644504235,5.410350238872656,0.6335340653967698,0.0265305754162787,0.246850478121215,0.25285603677464774,0.23978596109689068
0.75,5.9610493417236015,1.1842331682477152,0.027888258825628138,0.31741251192513187,0.32584872432158163,0.3081671261831548,5.453301700933454,0.6764855274575678,0.02681916016559172,0.24002180863653033,0.2458916982933466,0.23304696555802223
0.74,5.9779231303903435,1.2011069569144572,0.027616858722213148,0.31174736396414127,0.31997605836358606,0.3027775596754548,5.496253162994252,0.7194369895183659,0.027212897544335216,0.23320584661049318,0.23896540997725815,0.22630407904206998
0.73,5.9932629382692,1.2164467647933135,0.027437044705340023,0.30597053105255756,0.31401163761689466,0.2972406804401216,5.540738605842936,0.7639224323670497,0.02768230451269276,0.22641445760859552,0.2320820092985583,0.21957899192614827
0.72,6.008602746148057,1.2317865726721706,0.02733342495170981,0.30009151711917,0.3079614395942462,0.2915740804511997,5.583690067903734,0.8068738944278477,0.028204237295503476,0.21965945375662776,0.22524772441788093,0.21289037353501686
0.71,6.0208745924511415,1.2440584189752553,0.02729237915723869,0.2941201810412791,0.3018320579996497,0.28579433566106077,5.625107549176646,0.84829137570076,0.02876052839695081,0.21295231251916652,0.2184695258892303,0.20625424579290616
0.7,6.031612457966341,1.254796284490455,0.027301950106305272,0.2880666082688078,0.29563061284881786,0.27991703955897906,5.664991049661673,0.8881748761857864,0.029336903119930157,0.20630397209571066,0.2117546701200141,0.19968432420377558
